Name,Chamber,Party,Min. Net Worth,Avg. Net Worth,Max. Net Worth,Research by the Center for Responsive Politics
Darrell Issa (R-Calif),H,R,"$292,250,034","$448,425,019","$604,600,004",Research by the Center for Responsive Politics
Mark Warner (D-Va),S,D,"$95,134,301","$254,168,650","$413,203,000",Research by the Center for Responsive Politics
John K. Delaney (D-Md),H,D,"$109,038,155","$222,410,577","$335,782,999",Research by the Center for Responsive Politics
Jared Polis (D-Colo),H,D,"$70,227,432","$213,224,214","$356,220,997",Research by the Center for Responsive Politics
Dave Trott (R-Mich),H,R,"$89,945,456","$200,509,228","$311,073,000",Research by the Center for Responsive Politics
Michael McCaul (R-Texas),H,R,"$117,355,892","$162,882,467","$208,409,043",Research by the Center for Responsive Politics
Nancy Pelosi (D-Calif),H,D,"$9,606,066","$100,864,528","$192,122,990",Research by the Center for Responsive Politics
Richard Blumenthal (D-Conn),S,D,"$79,915,815","$99,581,170","$119,246,525",Research by the Center for Responsive Politics
Vernon Buchanan (R-Fla),H,R,"-$37,534,887","$98,210,549","$233,955,986",Research by the Center for Responsive Politics
Scott Peters (D-Calif),H,D,"$44,858,094","$88,344,051","$131,830,008",Research by the Center for Responsive Politics
Suzan DelBene (D-Wash),H,D,"$32,889,065","$81,249,532","$129,610,000",Research by the Center for Responsive Politics
Dianne Feinstein (D-Calif),S,D,"$42,023,117","$77,235,068","$112,447,020",Research by the Center for Responsive Politics
Alan Grayson (D-Fla),H,D,"$6,678,063","$64,375,031","$122,071,999",Research by the Center for Responsive Politics
Chris Collins (R-NY),H,R,"$22,497,031","$59,414,015","$96,331,000",Research by the Center for Responsive Politics
Bob Corker (R-Tenn),S,R,"$19,118,035","$54,419,017","$89,720,000",Research by the Center for Responsive Politics
James E. Risch (R-Idaho),S,R,"$19,188,056","$53,630,527","$88,072,998",Research by the Center for Responsive Politics
Jim Renacci (R-Ohio),H,R,"$29,231,622","$52,011,811","$74,792,000",Research by the Center for Responsive Politics
Thomas MacArthur (R-NJ),H,R,"$7,252,194","$49,311,596","$91,370,999",Research by the Center for Responsive Politics
Rodney Frelinghuysen (R-NJ),H,R,"$22,195,181","$48,848,590","$75,502,000",Research by the Center for Responsive Politics
Don Beyer (D-Va),H,D,"$16,652,035","$48,716,014","$80,779,993",Research by the Center for Responsive Politics
Joe Kennedy III (D-Mass),H,D,"$20,591,238","$46,201,617","$71,811,997",Research by the Center for Responsive Politics
Roger Williams (R-Texas),H,R,"$15,257,032","$45,213,513","$75,169,995",Research by the Center for Responsive Politics
Diane Black (R-Tenn),H,R,"-$22,508,912","$41,915,544","$106,340,000",Research by the Center for Responsive Politics
Chellie Pingree (D-Maine),H,D,"$34,470,065","$39,960,546","$45,451,027",Research by the Center for Responsive Politics
John Hoeven (R-ND),S,R,"$11,156,072","$38,665,535","$66,174,999",Research by the Center for Responsive Politics
Ron Johnson (R-Wis),S,R,"$13,516,014","$36,840,507","$60,165,000",Research by the Center for Responsive Politics
Trent Franks (R-Ariz),H,R,"$11,100,004","$33,175,002","$55,250,000",Research by the Center for Responsive Politics
Scott Rigell (R-Va),H,R,"$12,789,057","$33,113,028","$53,437,000",Research by the Center for Responsive Politics
Fred Upton (R-Mich),H,R,"$13,673,197","$32,496,598","$51,320,000",Research by the Center for Responsive Politics
Nita M. Lowey (D-NY),H,D,"$12,280,023","$31,965,011","$51,650,000",Research by the Center for Responsive Politics
David Perdue (R-Ga),S,R,"$16,444,214","$31,670,606","$46,896,999",Research by the Center for Responsive Politics
Mitch McConnell (R-Ky),S,R,"$11,972,053","$30,402,026","$48,832,000",Research by the Center for Responsive Politics
John Fleming (R-La),H,R,"$10,218,065","$28,222,531","$46,226,997",Research by the Center for Responsive Politics
Richard Hanna (R-NY),H,R,"$15,292,169","$28,013,584","$40,735,000",Research by the Center for Responsive Politics
Curt Clawson (R-Fla),H,R,"$13,113,153","$26,309,575","$39,505,998",Research by the Center for Responsive Politics
Bruce Poliquin (R-Maine),H,R,"$9,971,063","$23,830,532","$37,690,001",Research by the Center for Responsive Politics
Claire McCaskill (D-Mo),S,D,"$17,799,204","$23,410,107","$29,021,010",Research by the Center for Responsive Politics
F. James Sensenbrenner Jr (R-Wis),H,R,"$19,600,018","$23,287,491","$26,974,964",Research by the Center for Responsive Politics
Lloyd Doggett (D-Texas),H,D,"$11,264,064","$22,637,031","$34,009,999",Research by the Center for Responsive Politics
Johnny Isakson (R-Ga),S,R,"$8,920,023","$22,531,011","$36,142,000",Research by the Center for Responsive Politics
Lamar Alexander (R-Tenn),S,R,"$7,502,052","$22,361,024","$37,219,996",Research by the Center for Responsive Politics
Steve Pearce (R-NM),H,R,"$7,718,015","$22,182,007","$36,646,000",Research by the Center for Responsive Politics
Carolyn B. Maloney (D-NY),H,D,"$2,728,020","$22,162,008","$41,595,997",Research by the Center for Responsive Politics
John McCain (R-Ariz),S,R,"$14,419,155","$20,594,578","$26,770,001",Research by the Center for Responsive Politics
Steven Daines (R-Mont),S,R,"$7,937,090","$20,337,086","$32,737,083",Research by the Center for Responsive Politics
Richard W. Allen (R-Ga),H,R,"$6,723,018","$19,572,008","$32,420,998",Research by the Center for Responsive Politics
Robert Pittenger (R-NC),H,R,"$6,725,054","$19,300,526","$31,875,999",Research by the Center for Responsive Politics
John A. Yarmuth (D-Ky),H,D,"$5,808,049","$19,251,523","$32,694,998",Research by the Center for Responsive Politics
Bill Foster (D-Ill),H,D,"$7,416,020","$18,790,510","$30,165,000",Research by the Center for Responsive Politics
Tom Rooney (R-Fla),H,R,"$7,583,221","$18,759,485","$29,935,749",Research by the Center for Responsive Politics
Buddy Carter (R-Ga),H,R,"$10,489,671","$17,614,665","$24,739,659",Research by the Center for Responsive Politics
Mike Kelly (R-Pa),H,R,"$8,510,149","$17,295,074","$26,080,000",Research by the Center for Responsive Politics
Rob Portman (R-Ohio),S,R,"$8,599,121","$16,868,060","$25,137,000",Research by the Center for Responsive Politics
Jeff Denham (R-Calif),H,R,"$5,325,008","$16,112,503","$26,899,998",Research by the Center for Responsive Politics
Mike Rounds (R-SD),S,R,"$5,426,030","$16,097,514","$26,768,999",Research by the Center for Responsive Politics
Gwen Graham (D-Fla),H,D,"$5,287,013","$15,546,006","$25,805,000",Research by the Center for Responsive Politics
Rosa L. DeLauro (D-Conn),H,D,"$5,098,014","$15,492,504","$25,886,995",Research by the Center for Responsive Politics
Angus King (I-Maine),S,I,"$5,210,174","$15,481,085","$25,751,997",Research by the Center for Responsive Politics
Cynthia Marie Lummis (R-Wyo),H,R,"$5,960,025","$15,031,012","$24,102,000",Research by the Center for Responsive Politics
Jim Cooper (D-Tenn),H,D,"$6,761,058","$15,001,029","$23,241,000",Research by the Center for Responsive Politics
Rod Blum (R-Iowa),H,R,"$6,647,029","$14,714,014","$22,781,000",Research by the Center for Responsive Politics
Tom Price (R-Ga),H,R,"$9,484,599","$12,209,090","$14,933,582",Research by the Center for Responsive Politics
Michael F. Bennet (D-Colo),S,D,"$4,845,031","$12,110,515","$19,376,000",Research by the Center for Responsive Politics
Richard C. Shelby (R-Ala),S,R,"$4,347,016","$11,189,008","$18,031,000",Research by the Center for Responsive Politics
Mike Conaway (R-Texas),H,R,"$4,795,317","$10,831,658","$16,868,000",Research by the Center for Responsive Politics
Jackie Speier (D-Calif),H,D,"$5,512,074","$10,339,537","$15,167,000",Research by the Center for Responsive Politics
Keith J. Rothfus (R-Pa),H,R,"$6,422,052","$9,789,026","$13,156,000",Research by the Center for Responsive Politics
David McKinley (R-WVa),H,R,"$4,542,089","$9,686,543","$14,830,997",Research by the Center for Responsive Politics
Ralph Abraham (R-La),H,R,"$4,181,015","$9,573,007","$14,964,999",Research by the Center for Responsive Politics
Randy Neugebauer (R-Texas),H,R,"$5,201,080","$9,426,039","$13,650,998",Research by the Center for Responsive Politics
Bill Flores (R-Texas),H,R,"$8,547,770","$9,158,264","$9,768,758",Research by the Center for Responsive Politics
Thom Tillis (R-NC),S,R,"$3,112,031","$8,646,013","$14,179,996",Research by the Center for Responsive Politics
Chris Coons (D-Del),S,D,"$5,693,058","$8,532,030","$11,371,003",Research by the Center for Responsive Politics
Vicky Hartzler (R-Mo),H,R,"$2,302,026","$8,278,511","$14,254,996",Research by the Center for Responsive Politics
Ron Wyden (D-Ore),S,D,"$6,401,061","$8,196,032","$9,991,004",Research by the Center for Responsive Politics
Beto O'Rourke (D-Texas),H,D,"-$1,412,906","$7,910,545","$17,233,997",Research by the Center for Responsive Politics
Kenny Marchant (R-Texas),H,R,"$4,454,585","$7,900,076","$11,345,568",Research by the Center for Responsive Politics
John Lee Ratcliffe (R-Texas),H,R,"$3,216,010","$7,865,505","$12,515,000",Research by the Center for Responsive Politics
Joe Manchin (D-WVa),S,D,"$3,810,071","$7,682,035","$11,554,000",Research by the Center for Responsive Politics
Jeff Sessions (R-Ala),S,R,"$3,595,057","$7,478,028","$11,361,000",Research by the Center for Responsive Politics
John Garamendi (D-Calif),H,D,"$2,130,019","$7,141,007","$12,151,996",Research by the Center for Responsive Politics
James M. Inhofe (R-Okla),S,R,"$4,997,692","$6,861,668","$8,725,644",Research by the Center for Responsive Politics
Jim Himes (D-Conn),H,D,"$3,281,052","$6,860,526","$10,440,000",Research by the Center for Responsive Politics
Earl Blumenauer (D-Ore),H,D,"$2,995,034","$6,828,015","$10,660,996",Research by the Center for Responsive Politics
Katherine Clark (D-Mass),H,D,"$2,491,012","$6,828,006","$11,165,000",Research by the Center for Responsive Politics
Elizabeth Warren (D-Mass),S,D,"$3,660,024","$6,692,512","$9,725,001",Research by the Center for Responsive Politics
Ann L. Wagner (R-Mo),H,R,"$3,934,117","$6,671,558","$9,408,999",Research by the Center for Responsive Politics
John L. Mica (R-Fla),H,R,"$3,251,012","$6,434,006","$9,617,000",Research by the Center for Responsive Politics
Daniel Milton Newhouse (R-Wash),H,R,"$2,193,013","$6,369,006","$10,545,000",Research by the Center for Responsive Politics
Sheldon Whitehouse (D-RI),S,D,"$2,880,238","$6,230,118","$9,579,999",Research by the Center for Responsive Politics
Debbie Dingell (D-Mich),H,D,"$3,522,120","$6,214,560","$8,907,000",Research by the Center for Responsive Politics
Dennis Heck (D-Wash),H,D,"$3,630,069","$6,035,534","$8,441,000",Research by the Center for Responsive Politics
Virginia Foxx (R-NC),H,R,"$2,736,045","$5,988,522","$9,241,000",Research by the Center for Responsive Politics
Scott Tipton (R-Colo),H,R,"$2,600,069","$5,975,034","$9,350,000",Research by the Center for Responsive Politics
Dan Coats (R-Ind),S,R,"$3,777,035","$5,944,017","$8,111,000",Research by the Center for Responsive Politics
George Holding (R-NC),H,R,"$3,460,045","$5,880,522","$8,300,999",Research by the Center for Responsive Politics
Peter Welch (D-Vt),H,D,"$3,178,108","$5,686,554","$8,195,000",Research by the Center for Responsive Politics
John A. Barrasso (R-Wyo),S,R,"$2,684,016","$5,647,008","$8,610,000",Research by the Center for Responsive Politics
Paul Ryan (R-Wis),H,R,"$2,282,072","$5,531,036","$8,780,000",Research by the Center for Responsive Politics
Filemon Vela (D-Texas),H,D,"$79,952","$5,388,944","$10,697,936",Research by the Center for Responsive Politics
Kurt Schrader (D-Ore),H,D,"$2,815,487","$5,113,924","$7,412,362",Research by the Center for Responsive Politics
Ami Bera (D-Calif),H,D,"$2,144,072","$5,103,032","$8,061,993",Research by the Center for Responsive Politics
Tom Rice (R-SC),H,R,"-$14,435,975","$5,037,008","$24,509,992",Research by the Center for Responsive Politics
Austin Scott (R-Ga),H,R,"$1,864,038","$5,022,517","$8,180,996",Research by the Center for Responsive Politics
Al Franken (D-Minn),S,D,"$2,746,046","$5,009,022","$7,271,999",Research by the Center for Responsive Politics
French Hill (R-Ark),H,R,"$1,916,052","$4,993,524","$8,070,996",Research by the Center for Responsive Politics
Dean Heller (R-Nev),S,R,"$1,090,037","$4,845,017","$8,599,998",Research by the Center for Responsive Politics
Niki Tsongas (D-Mass),H,D,"$1,354,046","$4,807,022","$8,259,998",Research by the Center for Responsive Politics
Dina Titus (D-Nev),H,D,"$1,902,051","$4,748,025","$7,593,999",Research by the Center for Responsive Politics
Al Green (D-Texas),H,D,"$1,765,012","$4,707,505","$7,649,999",Research by the Center for Responsive Politics
David P Joyce (R-Ohio),H,R,"$2,491,103","$4,640,551","$6,790,000",Research by the Center for Responsive Politics
Orrin G. Hatch (R-Utah),S,R,"$1,922,033","$4,615,516","$7,309,000",Research by the Center for Responsive Politics
Suzanne Bonamici (D-Ore),H,D,"$2,777,040","$4,603,520","$6,430,000",Research by the Center for Responsive Politics
Elizabeth Esty (D-Conn),H,D,"$2,553,089","$4,576,044","$6,599,000",Research by the Center for Responsive Politics
Tom Cole (R-Okla),H,R,"$2,668,068","$4,569,534","$6,471,000",Research by the Center for Responsive Politics
John Boehner (R-Ohio),H,R,"$2,318,126","$4,556,563","$6,795,000",Research by the Center for Responsive Politics
Grace Meng (D-NY),H,D,"$1,743,045","$4,548,522","$7,353,999",Research by the Center for Responsive Politics
Harry Reid (D-Nev),S,D,"$2,665,059","$4,522,029","$6,378,999",Research by the Center for Responsive Politics
Mark Sanford (R-SC),H,R,"$2,792,029","$4,448,514","$6,105,000",Research by the Center for Responsive Politics
Tom Carper (D-Del),S,D,"$2,235,142","$4,434,071","$6,633,000",Research by the Center for Responsive Politics
Susan Brooks (R-Ind),H,R,"$1,636,044","$4,288,022","$6,940,000",Research by the Center for Responsive Politics
Lamar Smith (R-Texas),H,R,"$2,413,072","$4,254,036","$6,095,000",Research by the Center for Responsive Politics
Steve Cohen (D-Tenn),H,D,"$2,153,108","$4,124,054","$6,095,000",Research by the Center for Responsive Politics
Frank Pallone Jr (D-NJ),H,D,"$1,953,160","$4,081,579","$6,209,999",Research by the Center for Responsive Politics
Jim Costa (D-Calif),H,D,"$1,194,029","$4,077,013","$6,959,998",Research by the Center for Responsive Politics
Roy Blunt (R-Mo),S,R,"$1,130,023","$3,945,010","$6,759,998",Research by the Center for Responsive Politics
Blake Farenthold (R-Texas),H,R,"$2,254,462","$3,932,922","$5,611,383",Research by the Center for Responsive Politics
Ken Calvert (R-Calif),H,R,"-$1,899,989","$3,900,002","$9,699,994",Research by the Center for Responsive Politics
Heidi Heitkamp (D-ND),S,D,"$2,197,075","$3,890,037","$5,583,000",Research by the Center for Responsive Politics
Joyce Beatty (D-Ohio),H,D,"$1,448,026","$3,884,013","$6,320,000",Research by the Center for Responsive Politics
Susan Collins (R-Maine),S,R,"$1,548,218","$3,878,109","$6,208,000",Research by the Center for Responsive Politics
Bob Dold (R-Ill),H,R,"$1,113,026","$3,844,011","$6,574,996",Research by the Center for Responsive Politics
Hal Rogers (R-Ky),H,R,"$1,769,120","$3,828,617","$5,888,115",Research by the Center for Responsive Politics
Blaine Luetkemeyer (R-Mo),H,R,"$1,501,006","$3,808,003","$6,115,000",Research by the Center for Responsive Politics
John Boozman (R-Ark),S,R,"$1,114,011","$3,613,505","$6,112,999",Research by the Center for Responsive Politics
Doug LaMalfa (R-Calif),H,R,"$1,348,009","$3,571,504","$5,795,000",Research by the Center for Responsive Politics
David Schweikert (R-Ariz),H,R,"$969,018","$3,557,007","$6,144,997",Research by the Center for Responsive Politics
Kathy Castor (D-Fla),H,D,"$2,170,046","$3,549,023","$4,928,000",Research by the Center for Responsive Politics
Markwayne Mullin (R-Okla),H,R,"$1,601,043","$3,509,021","$5,416,999",Research by the Center for Responsive Politics
Phil Roe (R-Tenn),H,R,"$3,314,235","$3,495,732","$3,677,230",Research by the Center for Responsive Politics
Maria Cantwell (D-Wash),S,D,"$1,237,011","$3,464,505","$5,691,999",Research by the Center for Responsive Politics
Jeanne Shaheen (D-NH),S,D,"$546,028","$3,454,009","$6,361,990",Research by the Center for Responsive Politics
Bill Nelson (D-Fla),S,D,"$1,245,006","$3,447,503","$5,650,000",Research by the Center for Responsive Politics
Leonard Lance (R-NJ),H,R,"$1,939,063","$3,426,531","$4,914,000",Research by the Center for Responsive Politics
Gary Peters (D-Mich),S,D,"$1,350,169","$3,388,584","$5,427,000",Research by the Center for Responsive Politics
Chuck Grassley (R-Iowa),S,R,"$1,814,078","$3,375,039","$4,936,000",Research by the Center for Responsive Politics
Ed Whitfield (R-Ky),H,R,"$1,826,058","$3,358,028","$4,889,999",Research by the Center for Responsive Politics
Pat Toomey (R-Pa),S,R,"$1,868,048","$3,232,524","$4,597,000",Research by the Center for Responsive Politics
Barbara Boxer (D-Calif),S,D,"$1,112,008","$3,221,004","$5,330,000",Research by the Center for Responsive Politics
James P. McGovern (D-Mass),H,D,"$1,107,010","$3,206,005","$5,305,000",Research by the Center for Responsive Politics
David Price (D-NC),H,D,"$1,694,082","$3,202,041","$4,710,000",Research by the Center for Responsive Politics
Tom Udall (D-NM),S,D,"$1,891,043","$3,192,521","$4,494,000",Research by the Center for Responsive Politics
Ted Cruz (R-Texas),S,R,"$1,748,037","$3,171,517","$4,594,998",Research by the Center for Responsive Politics
Robert B. Aderholt (R-Ala),H,R,"$526,019","$3,146,009","$5,765,999",Research by the Center for Responsive Politics
Louise M. Slaughter (D-NY),H,D,"$1,998,021","$3,121,510","$4,245,000",Research by the Center for Responsive Politics
Judy Chu (D-Calif),H,D,"$1,667,042","$3,111,020","$4,554,999",Research by the Center for Responsive Politics
Sander Levin (D-Mich),H,D,"$3,078,659","$3,096,158","$3,113,658",Research by the Center for Responsive Politics
Patrick E. Murphy (D-Fla),H,D,"$1,021,008","$3,080,504","$5,140,000",Research by the Center for Responsive Politics
Bob Goodlatte (R-Va),H,R,"$1,800,043","$3,063,021","$4,326,000",Research by the Center for Responsive Politics
Mick Mulvaney (R-SC),H,R,"$1,354,073","$3,061,035","$4,767,998",Research by the Center for Responsive Politics
Bill Pascrell Jr (D-NJ),H,D,"$1,842,039","$3,050,519","$4,259,000",Research by the Center for Responsive Politics
Loretta Sanchez (D-Calif),H,D,"$465,005","$3,001,001","$5,536,997",Research by the Center for Responsive Politics
Ben Cardin (D-Md),S,D,"$1,442,107","$2,979,553","$4,517,000",Research by the Center for Responsive Politics
Brad Ashford (D-Neb),H,D,"-$2,561,875","$2,927,062","$8,415,999",Research by the Center for Responsive Politics
Greg Walden (R-Ore),H,R,"$1,775,023","$2,925,011","$4,075,000",Research by the Center for Responsive Politics
Thad Cochran (R-Miss),S,R,"$1,587,060","$2,911,030","$4,235,000",Research by the Center for Responsive Politics
Sam Farr (D-Calif),H,D,"$1,725,035","$2,900,517","$4,075,999",Research by the Center for Responsive Politics
Andy Harris (R-Md),H,R,"$1,598,046","$2,871,523","$4,145,000",Research by the Center for Responsive Politics
Thomas Massie (R-Ky),H,R,"$752,003","$2,841,001","$4,929,999",Research by the Center for Responsive Politics
Pat Roberts (R-Kan),S,R,"$1,626,032","$2,802,016","$3,978,000",Research by the Center for Responsive Politics
Mazie K. Hirono (D-Hawaii),S,D,"$1,577,041","$2,787,020","$3,996,999",Research by the Center for Responsive Politics
Brad Wenstrup (R-Ohio),H,R,"$1,676,037","$2,784,018","$3,892,000",Research by the Center for Responsive Politics
Randy Forbes (R-Va),H,R,"$135,012","$2,730,504","$5,325,997",Research by the Center for Responsive Politics
Daniel Lipinski (D-Ill),H,D,"$1,530,056","$2,703,028","$3,876,000",Research by the Center for Responsive Politics
Dan Benishek (R-Mich),H,R,"$1,395,080","$2,698,040","$4,001,000",Research by the Center for Responsive Politics
Dan Sullivan (R-Alaska),S,R,"$1,547,037","$2,696,018","$3,844,999",Research by the Center for Responsive Politics
Robert E. Latta (R-Ohio),H,R,"$1,557,040","$2,681,020","$3,805,000",Research by the Center for Responsive Politics
Richard Burr (R-NC),S,R,"$1,850,623","$2,539,619","$3,228,615",Research by the Center for Responsive Politics
Lois J. Frankel (D-Fla),H,D,"$595,277","$2,537,138","$4,479,000",Research by the Center for Responsive Politics
Chuck Fleischmann (R-Tenn),H,R,"$1,946,851","$2,521,846","$3,096,842",Research by the Center for Responsive Politics
Matt Cartwright (D-Pa),H,D,"-$2,514,968","$2,509,515","$7,533,999",Research by the Center for Responsive Politics
Jeff Merkley (D-Ore),S,D,"$1,450,025","$2,325,012","$3,200,000",Research by the Center for Responsive Politics
Mike D. Rogers (R-Ala),H,R,"$1,421,020","$2,293,010","$3,165,000",Research by the Center for Responsive Politics
Shelley Moore Capito (R-WVa),S,R,"$588,107","$2,272,551","$3,956,996",Research by the Center for Responsive Politics
Brian Babin (R-Texas),H,R,"$1,081,086","$2,261,043","$3,441,000",Research by the Center for Responsive Politics
Barbara Comstock (R-Va),H,R,"$851,103","$2,241,549","$3,631,995",Research by the Center for Responsive Politics
Gerry Connolly (D-Va),H,D,"$762,051","$2,211,023","$3,659,995",Research by the Center for Responsive Politics
Diana DeGette (D-Colo),H,D,"$1,252,034","$2,199,017","$3,146,000",Research by the Center for Responsive Politics
Bob Gibbs (R-Ohio),H,R,"$1,026,063","$2,143,030","$3,259,998",Research by the Center for Responsive Politics
Ann Mclane Kuster (D-NH),H,D,"$1,870,704","$2,112,701","$2,354,699",Research by the Center for Responsive Politics
Ted Yoho (R-Fla),H,R,"$1,200,999","$2,070,492","$2,939,985",Research by the Center for Responsive Politics
Bill Keating (D-Mass),H,D,"$1,171,036","$2,070,018","$2,969,000",Research by the Center for Responsive Politics
Mike Thompson (D-Calif),H,D,"$1,036,014","$2,038,006","$3,039,999",Research by the Center for Responsive Politics
Pete Olson (R-Texas),H,R,"$1,107,041","$2,019,020","$2,931,000",Research by the Center for Responsive Politics
Lou Barletta (R-Pa),H,R,"$330,098","$2,016,548","$3,702,999",Research by the Center for Responsive Politics
Zoe Lofgren (D-Calif),H,D,"$1,064,044","$2,012,022","$2,960,000",Research by the Center for Responsive Politics
Billy Long (R-Mo),H,R,"$644,037","$2,011,517","$3,378,997",Research by the Center for Responsive Politics
Ed Markey (D-Mass),S,D,"$1,195,024","$2,010,512","$2,826,000",Research by the Center for Responsive Politics
Jeb Hensarling (R-Texas),H,R,"$1,207,033","$2,006,516","$2,806,000",Research by the Center for Responsive Politics
Susan A. Davis (D-Calif),H,D,"$854,041","$1,982,020","$3,109,999",Research by the Center for Responsive Politics
Bill Cassidy (R-La),S,R,"$1,015,059","$1,921,029","$2,827,000",Research by the Center for Responsive Politics
Juan Vargas (D-Calif),H,D,"$669,025","$1,914,511","$3,159,998",Research by the Center for Responsive Politics
Anna Eshoo (D-Calif),H,D,"$1,131,011","$1,873,505","$2,616,000",Research by the Center for Responsive Politics
Alan Lowenthal (D-Calif),H,D,"$940,051","$1,820,525","$2,701,000",Research by the Center for Responsive Politics
David Vitter (R-La),S,R,"$963,047","$1,808,023","$2,653,000",Research by the Center for Responsive Politics
Julia Brownley (D-Calif),H,D,"$486,034","$1,788,516","$3,090,999",Research by the Center for Responsive Politics
Mike Simpson (R-Idaho),H,R,"$1,466,726","$1,776,723","$2,086,721",Research by the Center for Responsive Politics
Ander Crenshaw (R-Fla),H,R,"$1,062,012","$1,771,006","$2,480,000",Research by the Center for Responsive Politics
Michael E. Capuano (D-Mass),H,D,"$572,040","$1,744,518","$2,916,997",Research by the Center for Responsive Politics
Justin Amash (R-Mich),H,R,"$1,018,028","$1,744,014","$2,470,000",Research by the Center for Responsive Politics
Charles B. Rangel (D-NY),H,D,"$1,038,019","$1,741,509","$2,445,000",Research by the Center for Responsive Politics
Sam Graves (R-Mo),H,R,"$1,052,008","$1,721,503","$2,390,998",Research by the Center for Responsive Politics
Mike Bishop (R-Mich),H,R,"$844,071","$1,715,035","$2,586,000",Research by the Center for Responsive Politics
Dutch Ruppersberger (D-Md),H,D,"$950,027","$1,705,013","$2,459,999",Research by the Center for Responsive Politics
Xavier Becerra (D-Calif),H,D,"$669,061","$1,702,529","$2,735,998",Research by the Center for Responsive Politics
Michael Burgess (R-Texas),H,R,"$862,079","$1,701,539","$2,540,999",Research by the Center for Responsive Politics
Luis V. Gutierrez (D-Ill),H,D,"$980,023","$1,690,011","$2,400,000",Research by the Center for Responsive Politics
Collin Peterson (D-Minn),H,D,"$542,019","$1,686,508","$2,830,997",Research by the Center for Responsive Politics
Pete Sessions (R-Texas),H,R,"$799,054","$1,685,526","$2,571,999",Research by the Center for Responsive Politics
Jon Tester (D-Mont),S,D,"$1,082,007","$1,656,003","$2,230,000",Research by the Center for Responsive Politics
Ron Kind (D-Wis),H,D,"$1,033,022","$1,652,511","$2,272,000",Research by the Center for Responsive Politics
Robert A. Brady (D-Pa),H,D,"$1,080,007","$1,640,503","$2,201,000",Research by the Center for Responsive Politics
Dick Durbin (D-Ill),S,D,"$1,472,986","$1,589,985","$1,706,984",Research by the Center for Responsive Politics
Jim Langevin (D-RI),H,D,"-$266,972","$1,509,010","$3,284,992",Research by the Center for Responsive Politics
Frank D. Lucas (R-Okla),H,R,"$650,014","$1,505,005","$2,359,997",Research by the Center for Responsive Politics
Lisa Murkowski (R-Alaska),S,R,"$828,035","$1,502,517","$2,177,000",Research by the Center for Responsive Politics
Bradley Byrne (R-Ala),H,R,"$716,066","$1,491,033","$2,266,000",Research by the Center for Responsive Politics
Brett Guthrie (R-Ky),H,R,"$862,031","$1,486,515","$2,111,000",Research by the Center for Responsive Politics
Patty Murray (D-Wash),S,D,"$870,018","$1,485,009","$2,100,000",Research by the Center for Responsive Politics
Ben Sasse (R-Neb),S,R,"$773,043","$1,472,021","$2,171,000",Research by the Center for Responsive Politics
Pete Visclosky (D-Ind),H,D,"$852,023","$1,442,511","$2,033,000",Research by the Center for Responsive Politics
Carlos Curbelo (R-Fla),H,R,"$555,082","$1,435,040","$2,314,999",Research by the Center for Responsive Politics
Cresent Hardy (R-Nev),H,R,"-$3,118,991","$1,423,004","$5,964,999",Research by the Center for Responsive Politics
Evan Jenkins (R-WVa),H,R,"$644,056","$1,415,528","$2,187,000",Research by the Center for Responsive Politics
Ryan K. Zinke (R-Mont),H,R,"$580,009","$1,407,503","$2,234,997",Research by the Center for Responsive Politics
Aaron Schock (R-Ill),H,R,"$948,696","$1,398,694","$1,848,693",Research by the Center for Responsive Politics
Marlin Stutzman (R-Ind),H,R,"$765,021","$1,363,510","$1,961,999",Research by the Center for Responsive Politics
Tim Kaine (D-Va),S,D,"$679,049","$1,344,524","$2,010,000",Research by the Center for Responsive Politics
Cathy McMorris Rodgers (R-Wash),H,R,"$406,019","$1,343,008","$2,279,998",Research by the Center for Responsive Politics
Steven Palazzo (R-Miss),H,R,"$608,020","$1,336,508","$2,064,997",Research by the Center for Responsive Politics
Candice S. Miller (R-Mich),H,R,"$595,026","$1,336,012","$2,076,999",Research by the Center for Responsive Politics
Rand Paul (R-Ky),S,R,"$683,036","$1,326,518","$1,970,000",Research by the Center for Responsive Politics
Doris O. Matsui (D-Calif),H,D,"$772,018","$1,301,509","$1,831,000",Research by the Center for Responsive Politics
Charles W. Boustany Jr (R-La),H,R,"$1,212,283","$1,283,780","$1,355,277",Research by the Center for Responsive Politics
Brendan Boyle (D-Pa),H,D,"$775,013","$1,262,506","$1,750,000",Research by the Center for Responsive Politics
Ann Kirkpatrick (D-Ariz),H,D,"$750,019","$1,258,509","$1,767,000",Research by the Center for Responsive Politics
Patrick J. Tiberi (R-Ohio),H,R,"$605,030","$1,240,514","$1,875,999",Research by the Center for Responsive Politics
Sheila Jackson Lee (D-Texas),H,D,"$729,016","$1,238,507","$1,747,999",Research by the Center for Responsive Politics
Jeff Miller (R-Fla),H,R,"$657,009","$1,223,503","$1,789,998",Research by the Center for Responsive Politics
Gary Palmer (R-Ala),H,R,"$544,068","$1,209,534","$1,875,000",Research by the Center for Responsive Politics
Kenneth R. Buck (R-Colo),H,R,"$760,010","$1,206,005","$1,652,000",Research by the Center for Responsive Politics
Reid Ribble (R-Wis),H,R,"$175,029","$1,200,014","$2,224,999",Research by the Center for Responsive Politics
Kelly Ayotte (R-NH),S,R,"$535,014","$1,155,006","$1,774,999",Research by the Center for Responsive Politics
Steve Stivers (R-Ohio),H,R,"$525,046","$1,150,023","$1,775,000",Research by the Center for Responsive Politics
Larry Bucshon (R-Ind),H,R,"$1,131,146","$1,138,645","$1,146,144",Research by the Center for Responsive Politics
Mark Takai (D-Hawaii),H,D,"$433,033","$1,126,516","$1,819,999",Research by the Center for Responsive Politics
Glenn S. Grothman (R-Wis),H,R,"$662,015","$1,121,007","$1,580,000",Research by the Center for Responsive Politics
David Cicilline (D-RI),H,D,"$702,004","$1,108,501","$1,514,999",Research by the Center for Responsive Politics
Martha Roby (R-Ala),H,R,"$581,035","$1,107,017","$1,633,000",Research by the Center for Responsive Politics
Rob Wittman (R-Va),H,R,"$348,021","$1,102,509","$1,856,998",Research by the Center for Responsive Politics
Bill Shuster (R-Pa),H,R,"$590,032","$1,101,515","$1,612,999",Research by the Center for Responsive Politics
Jeff Duncan (R-SC),H,R,"$296,019","$1,098,007","$1,899,996",Research by the Center for Responsive Politics
David Jolly (R-Fla),H,R,"$518,034","$1,056,517","$1,595,000",Research by the Center for Responsive Politics
Bonnie Coleman (D-NJ),H,D,"$635,004","$1,055,001","$1,474,999",Research by the Center for Responsive Politics
Richard Nugent (R-Fla),H,R,"$485,519","$1,039,012","$1,592,506",Research by the Center for Responsive Politics
Mike Crapo (R-Idaho),S,R,"$296,030","$1,032,014","$1,767,999",Research by the Center for Responsive Politics
John Sarbanes (D-Md),H,D,"$649,010","$1,029,505","$1,410,000",Research by the Center for Responsive Politics
Marcia L. Fudge (D-Ohio),H,D,"$606,011","$1,023,005","$1,440,000",Research by the Center for Responsive Politics
Lindsey Graham (R-SC),S,R,"$437,020","$1,021,509","$1,605,999",Research by the Center for Responsive Politics
Mike Enzi (R-Wyo),S,R,"$387,057","$1,009,528","$1,632,000",Research by the Center for Responsive Politics
Adam Schiff (D-Calif),H,D,"$505,028","$1,003,014","$1,501,000",Research by the Center for Responsive Politics
Peter DeFazio (D-Ore),H,D,"$533,021","$987,009","$1,440,998",Research by the Center for Responsive Politics
Kay Granger (R-Texas),H,R,"-$133,986","$983,005","$2,099,997",Research by the Center for Responsive Politics
Peter Roskam (R-Ill),H,R,"$379,057","$982,028","$1,585,000",Research by the Center for Responsive Politics
Jerry Moran (R-Kan),S,R,"$506,020","$973,510","$1,441,000",Research by the Center for Responsive Politics
Paul Cook (R-Calif),H,R,"$579,016","$970,508","$1,362,000",Research by the Center for Responsive Politics
G. K. Butterfield (D-NC),H,D,"-$436,974","$964,007","$2,364,989",Research by the Center for Responsive Politics
Mike Honda (D-Calif),H,D,"$583,010","$964,005","$1,345,000",Research by the Center for Responsive Politics
Frederica Wilson (D-Fla),H,D,"$563,011","$954,005","$1,345,000",Research by the Center for Responsive Politics
Amy Klobuchar (D-Minn),S,D,"$456,035","$939,017","$1,422,000",Research by the Center for Responsive Politics
Joe Pitts (R-Pa),H,R,"$597,008","$938,504","$1,280,000",Research by the Center for Responsive Politics
Martha McSally (R-Ariz),H,R,"$476,038","$935,519","$1,395,000",Research by the Center for Responsive Politics
Frank A. LoBiondo (R-NJ),H,R,"$49,075","$904,536","$1,759,998",Research by the Center for Responsive Politics
Elijah E. Cummings (D-Md),H,D,"-$155,986","$902,504","$1,960,995",Research by the Center for Responsive Politics
Rick Nolan (D-Minn),H,D,"$533,009","$889,004","$1,245,000",Research by the Center for Responsive Politics
Ted Deutch (D-Fla),H,D,"$418,036","$871,018","$1,324,000",Research by the Center for Responsive Politics
Don Young (R-Alaska),H,R,"$481,008","$848,004","$1,215,000",Research by the Center for Responsive Politics
Jason Chaffetz (R-Utah),H,R,"$232,015","$843,507","$1,454,999",Research by the Center for Responsive Politics
Tim Murphy (R-Pa),H,R,"$409,032","$835,016","$1,261,000",Research by the Center for Responsive Politics
Jim McDermott (D-Wash),H,D,"$805,330","$829,829","$854,328",Research by the Center for Responsive Politics
Tom Graves (R-Ga),H,R,"$423,014","$796,506","$1,169,999",Research by the Center for Responsive Politics
Tammy Baldwin (D-Wis),S,D,"$516,003","$790,501","$1,065,000",Research by the Center for Responsive Politics
Scott Perry (R-Pa),H,R,"$262,019","$783,508","$1,304,997",Research by the Center for Responsive Politics
Joe Donnelly (D-Ind),S,D,"$172,011","$781,504","$1,390,998",Research by the Center for Responsive Politics
David Young (R-Iowa),H,R,"$502,006","$767,503","$1,033,000",Research by the Center for Responsive Politics
Mark R. Meadows (R-NC),H,R,"$192,014","$763,006","$1,333,999",Research by the Center for Responsive Politics
Jerry McNerney (D-Calif),H,D,"$501,004","$759,002","$1,017,000",Research by the Center for Responsive Politics
Todd Rokita (R-Ind),H,R,"-$18,949","$753,023","$1,524,996",Research by the Center for Responsive Politics
Steve Fincher (R-Tenn),H,R,"$500,001","$750,000","$1,000,000",Research by the Center for Responsive Politics
Brad Sherman (D-Calif),H,D,"-$114,985","$748,506","$1,611,998",Research by the Center for Responsive Politics
Bob Casey (D-Pa),S,D,"$371,018","$743,509","$1,116,000",Research by the Center for Responsive Politics
Cheri Bustos (D-Ill),H,D,"$322,028","$738,514","$1,155,000",Research by the Center for Responsive Politics
John Carney (D-Del),H,D,"$364,028","$737,014","$1,110,000",Research by the Center for Responsive Politics
Steve Chabot (R-Ohio),H,R,"$336,028","$725,514","$1,115,000",Research by the Center for Responsive Politics
Mimi Walters (R-Calif),H,R,"$266,008","$715,503","$1,164,999",Research by the Center for Responsive Politics
Jack Reed (D-RI),S,D,"$221,052","$705,526","$1,190,000",Research by the Center for Responsive Politics
Luke Messer (R-Ind),H,R,"$235,033","$702,515","$1,169,998",Research by the Center for Responsive Politics
Daniel Webster (R-Fla),H,R,"$420,009","$697,504","$975,000",Research by the Center for Responsive Politics
Bill Huizenga (R-Mich),H,R,"$390,015","$695,507","$1,001,000",Research by the Center for Responsive Politics
Jared Huffman (D-Calif),H,D,"-$214,961","$689,519","$1,593,999",Research by the Center for Responsive Politics
Joe Wilson (R-SC),H,R,"-$479,990","$685,001","$1,849,993",Research by the Center for Responsive Politics
Dennis Ross (R-Fla),H,R,"-$3,599,998","$684,999","$4,969,997",Research by the Center for Responsive Politics
Edwin G. Perlmutter (D-Colo),H,D,"$402,021","$682,510","$963,000",Research by the Center for Responsive Politics
Stephen F. Lynch (D-Mass),H,D,"$13,018","$680,508","$1,347,998",Research by the Center for Responsive Politics
Bill Posey (R-Fla),H,R,"$213,012","$679,505","$1,145,999",Research by the Center for Responsive Politics
John Cornyn (R-Texas),S,R,"$333,018","$670,008","$1,006,999",Research by the Center for Responsive Politics
Jason Smith (R-Mo),H,R,"-$295,971","$669,510","$1,634,992",Research by the Center for Responsive Politics
Charles E. Schumer (D-NY),S,D,"$352,014","$653,507","$955,000",Research by the Center for Responsive Politics
John M. Shimkus (R-Ill),H,R,"$111,009","$650,503","$1,189,998",Research by the Center for Responsive Politics
Bennie G. Thompson (D-Miss),H,D,"$303,022","$649,511","$996,000",Research by the Center for Responsive Politics
Marsha Blackburn (R-Tenn),H,R,"$305,024","$640,012","$975,000",Research by the Center for Responsive Politics
Paul Gosar (R-Ariz),H,R,"$280,003","$640,001","$999,999",Research by the Center for Responsive Politics
Henry Cuellar (D-Texas),H,D,"$29,015","$637,006","$1,244,998",Research by the Center for Responsive Politics
Sherrod Brown (D-Ohio),S,D,"$382,006","$631,503","$881,000",Research by the Center for Responsive Politics
Alan Nunnelee (R-Miss),H,R,"$366,012","$628,006","$890,000",Research by the Center for Responsive Politics
Tammy Duckworth (D-Ill),H,D,"$128,052","$622,025","$1,115,999",Research by the Center for Responsive Politics
Tim Scott (R-SC),S,R,"$301,011","$621,005","$940,999",Research by the Center for Responsive Politics
Barbara Lee (D-Calif),H,D,"$299,015","$618,507","$937,999",Research by the Center for Responsive Politics
Dave Brat (R-Va),H,R,"$323,014","$609,007","$895,000",Research by the Center for Responsive Politics
Bill Johnson (R-Ohio),H,R,"$288,022","$604,011","$920,000",Research by the Center for Responsive Politics
Mo Brooks (R-Ala),H,R,"$251,034","$595,517","$940,000",Research by the Center for Responsive Politics
Ruben Gallego (D-Ariz),H,D,"$119,017","$594,507","$1,069,998",Research by the Center for Responsive Politics
Erik Paulsen (R-Minn),H,R,"$264,030","$589,015","$914,000",Research by the Center for Responsive Politics
Maxine Waters (D-Calif),H,D,"-$4,012,984","$589,006","$5,190,997",Research by the Center for Responsive Politics
Patrick McHenry (R-NC),H,R,"$172,014","$551,506","$930,998",Research by the Center for Responsive Politics
Ted Lieu (D-Calif),H,D,"$253,025","$551,012","$849,000",Research by the Center for Responsive Politics
Kevin Cramer (R-ND),H,R,"$252,022","$542,011","$832,000",Research by the Center for Responsive Politics
Joe Courtney (D-Conn),H,D,"$217,028","$536,014","$855,000",Research by the Center for Responsive Politics
Randy Weber (R-Texas),H,R,"$201,005","$533,002","$864,999",Research by the Center for Responsive Politics
Charlie Dent (R-Pa),H,R,"$161,050","$529,525","$898,000",Research by the Center for Responsive Politics
Derek Kilmer (D-Wash),H,D,"$152,036","$522,517","$892,999",Research by the Center for Responsive Politics
Gene Green (D-Texas),H,D,"$295,006","$522,503","$750,000",Research by the Center for Responsive Politics
Mac Thornberry (R-Texas),H,R,"$312,007","$521,003","$730,000",Research by the Center for Responsive Politics
John J. Duncan Jr (R-Tenn),H,R,"$268,015","$519,007","$770,000",Research by the Center for Responsive Politics
Tom Emmer (R-Minn),H,R,"$180,005","$515,002","$849,999",Research by the Center for Responsive Politics
Barbara A. Mikulski (D-Md),S,D,"$256,017","$511,508","$767,000",Research by the Center for Responsive Politics
Joni Ernst (R-Iowa),S,R,"$156,031","$504,015","$851,999",Research by the Center for Responsive Politics
Garret Graves (R-La),H,R,"$37,012","$497,005","$956,999",Research by the Center for Responsive Politics
Dave Reichert (R-Wash),H,R,"$380,602","$487,600","$594,599",Research by the Center for Responsive Politics
Gus Bilirakis (R-Fla),H,R,"$126,042","$483,021","$840,000",Research by the Center for Responsive Politics
Lynn Jenkins (R-Kan),H,R,"$232,015","$481,007","$730,000",Research by the Center for Responsive Politics
Bobby Scott (D-Va),H,D,"-$138,938","$479,530","$1,097,998",Research by the Center for Responsive Politics
Michael G. Fitzpatrick (R-Pa),H,R,"$141,037","$473,018","$805,000",Research by the Center for Responsive Politics
Mike Coffman (R-Colo),H,R,"$281,007","$473,003","$665,000",Research by the Center for Responsive Politics
Kevin Brady (R-Texas),H,R,"$199,028","$469,514","$740,000",Research by the Center for Responsive Politics
James E. Clyburn (D-SC),H,D,"$210,022","$468,511","$727,000",Research by the Center for Responsive Politics
Ileana Ros-Lehtinen (R-Fla),H,R,"$302,005","$466,502","$631,000",Research by the Center for Responsive Politics
Brenda Lawrence (D-Mich),H,D,"$215,005","$457,502","$699,999",Research by the Center for Responsive Politics
Grace Napolitano (D-Calif),H,D,"$18,006","$456,502","$894,998",Research by the Center for Responsive Politics
David Loebsack (D-Iowa),H,D,"$184,018","$453,008","$721,999",Research by the Center for Responsive Politics
Janice Hahn (D-Calif),H,D,"$281,004","$448,002","$615,000",Research by the Center for Responsive Politics
Robert Menendez (D-NJ),S,D,"$231,005","$448,002","$664,999",Research by the Center for Responsive Politics
Chris Stewart (R-Utah),H,R,"$286,003","$445,501","$605,000",Research by the Center for Responsive Politics
Marco Rubio (R-Fla),S,R,"$57,018","$443,508","$829,999",Research by the Center for Responsive Politics
Michelle Lujan Grisham (D-NM),H,D,"$200,004","$435,001","$669,998",Research by the Center for Responsive Politics
Scott Garrett (R-NJ),H,R,"$235,013","$431,506","$628,000",Research by the Center for Responsive Politics
Steve Womack (R-Ark),H,R,"$235,010","$430,005","$625,000",Research by the Center for Responsive Politics
John Moolenaar (R-Mich),H,R,"$104,042","$420,021","$736,000",Research by the Center for Responsive Politics
John Thune (R-SD),S,R,"$188,020","$417,010","$646,000",Research by the Center for Responsive Politics
John Carter (R-Texas),H,R,"$115,003","$407,501","$699,999",Research by the Center for Responsive Politics
Joseph Crowley (D-NY),H,D,"$142,043","$405,021","$668,000",Research by the Center for Responsive Politics
Adrian Smith (R-Neb),H,R,"$132,014","$393,506","$654,999",Research by the Center for Responsive Politics
Terri A. Sewell (D-Ala),H,D,"-$38,981","$391,008","$820,998",Research by the Center for Responsive Politics
Scott Desjarlais (R-Tenn),H,R,"$100,014","$382,506","$664,998",Research by the Center for Responsive Politics
David Rouzer (R-NC),H,R,"-$23,973","$377,512","$778,998",Research by the Center for Responsive Politics
Sean Patrick Maloney (D-NY),H,D,"-$48,998","$375,499","$799,997",Research by the Center for Responsive Politics
Bobby L. Rush (D-Ill),H,D,"$250,001","$375,000","$500,000",Research by the Center for Responsive Politics
Mark Kirk (R-Ill),S,R,"$250,001","$375,000","$500,000",Research by the Center for Responsive Politics
John Kline (R-Minn),H,R,"$205,009","$365,504","$526,000",Research by the Center for Responsive Politics
Don Norcross (D-NJ),H,D,"$205,008","$365,004","$525,000",Research by the Center for Responsive Politics
Tom Reed (R-NY),H,R,"$133,007","$364,003","$594,999",Research by the Center for Responsive Politics
Tim Huelskamp (R-Kan),H,R,"$167,012","$361,006","$555,000",Research by the Center for Responsive Politics
Adam Smith (D-Wash),H,D,"$199,010","$354,505","$510,000",Research by the Center for Responsive Politics
Raul Ruiz (D-Calif),H,D,"$30,013","$352,506","$674,999",Research by the Center for Responsive Politics
Nydia M. Velazquez (D-NY),H,D,"$220,001","$350,000","$480,000",Research by the Center for Responsive Politics
Karen Bass (D-Calif),H,D,"$195,006","$348,003","$501,000",Research by the Center for Responsive Politics
Lucille Roybal-Allard (D-Calif),H,D,"$170,010","$343,005","$516,000",Research by the Center for Responsive Politics
Frank Guinta (R-NH),H,R,"$127,014","$340,506","$553,998",Research by the Center for Responsive Politics
Marcy Kaptur (D-Ohio),H,D,"$156,017","$336,008","$516,000",Research by the Center for Responsive Politics
Bernie Sanders (I-Vt),S,I,"$110,014","$330,506","$550,999",Research by the Center for Responsive Politics
Andy Barr (R-Ky),H,R,"$130,018","$328,009","$526,000",Research by the Center for Responsive Politics
Pete King (R-NY),H,R,"$200,003","$325,001","$450,000",Research by the Center for Responsive Politics
Douglas L. Lamborn (R-Colo),H,R,"$92,012","$322,505","$552,998",Research by the Center for Responsive Politics
Alex Mooney (R-WVa),H,R,"$140,013","$320,006","$500,000",Research by the Center for Responsive Politics
Doug Collins (R-Ga),H,R,"$104,006","$317,002","$529,998",Research by the Center for Responsive Politics
Walter B. Jones Jr (R-NC),H,R,"$139,014","$313,007","$487,000",Research by the Center for Responsive Politics
Mike Pompeo (R-Kan),H,R,"$123,025","$312,512","$502,000",Research by the Center for Responsive Politics
Brian Schatz (D-Hawaii),S,D,"$115,017","$309,508","$504,000",Research by the Center for Responsive Politics
Rodney Davis (R-Ill),H,R,"$115,017","$307,508","$500,000",Research by the Center for Responsive Politics
Joe Heck (R-Nev),H,R,"$99,010","$305,004","$510,999",Research by the Center for Responsive Politics
Rick Larsen (D-Wash),H,D,"$130,018","$302,509","$475,000",Research by the Center for Responsive Politics
Ryan Costello (R-Pa),H,R,"-$480,983","$302,006","$1,084,996",Research by the Center for Responsive Politics
Cory Booker (D-NJ),S,D,"$103,019","$299,509","$496,000",Research by the Center for Responsive Politics
Patrick Meehan (R-Pa),H,R,"$78,023","$294,011","$510,000",Research by the Center for Responsive Politics
Donald M. Payne Jr (D-NJ),H,D,"$166,005","$291,002","$416,000",Research by the Center for Responsive Politics
Lynn A. Westmoreland (R-Ga),H,R,"-$947,994","$291,001","$1,529,997",Research by the Center for Responsive Politics
Jeff Flake (R-Ariz),S,R,"$51,003","$283,001","$514,999",Research by the Center for Responsive Politics
Ben R. Lujan (D-NM),H,D,"$146,005","$280,502","$415,000",Research by the Center for Responsive Politics
Elise Stefanik (R-NY),H,R,"$20,007","$272,503","$524,999",Research by the Center for Responsive Politics
John B. Larson (D-Conn),H,D,"$44,040","$269,520","$495,000",Research by the Center for Responsive Politics
Jackie Walorski (R-Ind),H,R,"$110,013","$268,006","$426,000",Research by the Center for Responsive Politics
Deb Fischer (R-Neb),S,R,"-$4,368,992","$268,002","$4,904,996",Research by the Center for Responsive Politics
Steven Russell (R-Okla),H,R,"$117,005","$266,002","$414,999",Research by the Center for Responsive Politics
Bruce Westerman (R-Ark),H,R,"$224,522","$263,519","$302,517",Research by the Center for Responsive Politics
Hakeem Jeffries (D-NY),H,D,"$98,014","$259,007","$420,000",Research by the Center for Responsive Politics
Danny K. Davis (D-Ill),H,D,"$121,012","$257,506","$394,000",Research by the Center for Responsive Politics
Patrick Leahy (D-Vt),S,D,"$154,007","$257,003","$360,000",Research by the Center for Responsive Politics
Matt Salmon (R-Ariz),H,R,"$95,013","$255,506","$416,000",Research by the Center for Responsive Politics
Ted Poe (R-Texas),H,R,"-$25,987","$254,506","$534,999",Research by the Center for Responsive Politics
Linda Sanchez (D-Calif),H,D,"-$462,977","$248,010","$958,998",Research by the Center for Responsive Politics
Rob Woodall (R-Ga),H,R,"$120,007","$247,503","$375,000",Research by the Center for Responsive Politics
Dan Kildee (D-Mich),H,D,"$110,006","$247,502","$384,999",Research by the Center for Responsive Politics
Jan Schakowsky (D-Ill),H,D,"-$13,976","$241,011","$495,998",Research by the Center for Responsive Politics
Robert Hurt (R-Va),H,R,"$76,014","$238,006","$399,999",Research by the Center for Responsive Politics
Raul M. Grijalva (D-Ariz),H,D,"$70,021","$235,010","$400,000",Research by the Center for Responsive Politics
Morgan Griffith (R-Va),H,R,"$15,002","$232,500","$449,999",Research by the Center for Responsive Politics
Mark Desaulnier (D-Calif),H,D,"$118,006","$232,003","$346,000",Research by the Center for Responsive Politics
Ed Royce (R-Calif),H,R,"$83,013","$226,506","$370,000",Research by the Center for Responsive Politics
Glenn Thompson (R-Pa),H,R,"$101,004","$226,001","$350,999",Research by the Center for Responsive Politics
Tony Cardenas (D-Calif),H,D,"$50,013","$221,006","$391,999",Research by the Center for Responsive Politics
Mike Bost (R-Ill),H,R,"-$48,989","$220,505","$489,999",Research by the Center for Responsive Politics
Cory Gardner (R-Colo),S,R,"$44,017","$219,508","$394,999",Research by the Center for Responsive Politics
Steven A. King (R-Iowa),H,R,"$70,015","$210,507","$351,000",Research by the Center for Responsive Politics
David Scott (D-Ga),H,D,"$1,002","$383,000","$764,999",Research by the Center for Responsive Politics
Jim Jordan (R-Ohio),H,R,"$69,007","$207,503","$345,999",Research by the Center for Responsive Politics
Tom Cotton (R-Ark),S,R,"$115,002","$207,501","$300,000",Research by the Center for Responsive Politics
Mike Doyle (D-Pa),H,D,"$11,006","$205,502","$399,998",Research by the Center for Responsive Politics
Adam Kinzinger (R-Ill),H,R,"$110,005","$205,002","$300,000",Research by the Center for Responsive Politics
Pete Aguilar (D-Calif),H,D,"-$39,994","$205,002","$449,999",Research by the Center for Responsive Politics
Trey Gowdy (R-SC),H,R,$1,"$200,000","$399,999",Research by the Center for Responsive Politics
Tim Ryan (D-Ohio),H,D,"-$81,993","$199,502","$480,998",Research by the Center for Responsive Politics
Mike Lee (R-Utah),S,R,"$102,005","$186,002","$270,000",Research by the Center for Responsive Politics
Mia Love (R-Utah),H,R,"$101,003","$183,501","$266,000",Research by the Center for Responsive Politics
Roger Wicker (R-Miss),S,R,"-$645,977","$183,008","$1,011,994",Research by the Center for Responsive Politics
Christopher S. Murphy (D-Conn),S,D,"$20,007","$182,502","$344,998",Research by the Center for Responsive Politics
Tom Marino (R-Pa),H,R,"-$268,393","$177,603","$623,599",Research by the Center for Responsive Politics
Chaka Fattah (D-Pa),H,D,"$100,001","$175,000","$250,000",Research by the Center for Responsive Politics
Chris Gibson (R-NY),H,R,"$100,001","$175,000","$250,000",Research by the Center for Responsive Politics
Lee Zeldin (R-NY),H,R,"$100,001","$175,000","$250,000",Research by the Center for Responsive Politics
Timothy J. Walz (D-Minn),H,D,"-$116,991","$171,503","$459,998",Research by the Center for Responsive Politics
Kevin McCarthy (R-Calif),H,R,"$76,007","$171,003","$266,000",Research by the Center for Responsive Politics
Mark Amodei (R-Nev),H,R,"$102,004","$166,002","$230,000",Research by the Center for Responsive Politics
Richard Hudson (R-NC),H,R,"$48,008","$161,504","$275,000",Research by the Center for Responsive Politics
John Culberson (R-Texas),H,R,"-$579,996","$150,501","$880,998",Research by the Center for Responsive Politics
Mark A Takano (D-Calif),H,D,"$37,004","$146,501","$255,999",Research by the Center for Responsive Politics
Richard E. Neal (D-Mass),H,D,"$69,010","$141,505","$214,000",Research by the Center for Responsive Politics
Martin Heinrich (D-NM),S,D,"-$121,985","$139,007","$399,999",Research by the Center for Responsive Politics
Debbie Wasserman Schultz (D-Fla),H,D,"-$156,981","$138,008","$432,998",Research by the Center for Responsive Politics
Dana Rohrabacher (R-Calif),H,R,"$36,002","$138,000","$239,999",Research by the Center for Responsive Politics
Betty McCollum (D-Minn),H,D,"$39,011","$137,005","$235,000",Research by the Center for Responsive Politics
Will Hurd (R-Texas),H,R,"$16,016","$128,008","$240,000",Research by the Center for Responsive Politics
Marc Veasey (D-Texas),H,D,"-$35,982","$123,508","$282,998",Research by the Center for Responsive Politics
Joe Barton (R-Texas),H,R,"$67,004","$123,502","$180,000",Research by the Center for Responsive Politics
Robin Kelly (D-Ill),H,D,"$67,004","$123,502","$180,000",Research by the Center for Responsive Politics
Yvette D. Clarke (D-NY),H,D,"$66,003","$115,501","$165,000",Research by the Center for Responsive Politics
Lois Capps (D-Calif),H,D,"-$3,963,987","$115,006","$4,193,999",Research by the Center for Responsive Politics
Chris Van Hollen (D-Md),H,D,"$47,006","$114,003","$181,000",Research by the Center for Responsive Politics
Michael R. Turner (R-Ohio),H,R,"-$15,993","$107,002","$229,998",Research by the Center for Responsive Politics
Kirsten Gillibrand (D-NY),S,D,"$46,004","$105,502","$165,000",Research by the Center for Responsive Politics
Albio Sires (D-NJ),H,D,"$33,005","$89,002","$145,000",Research by the Center for Responsive Politics
Kristi Noem (R-SD),H,R,"-$477,991","$88,504","$654,999",Research by the Center for Responsive Politics
Devin Nunes (R-Calif),H,R,"$51,002","$83,001","$115,000",Research by the Center for Responsive Politics
Jose E. Serrano (D-NY),H,D,"$50,001","$75,000","$100,000",Research by the Center for Responsive Politics
William L. Clay Jr (D-Mo),H,D,"$20,006","$72,503","$125,000",Research by the Center for Responsive Politics
Todd Young (R-Ind),H,R,"-$496,995","$66,501","$629,998",Research by the Center for Responsive Politics
Eliot L. Engel (D-NY),H,D,"-$165,993","$64,502","$294,998",Research by the Center for Responsive Politics
Chris Smith (R-NJ),H,R,"$62,606","$62,606","$62,606",Research by the Center for Responsive Politics
Donna Edwards (D-Md),H,D,"$7,008","$56,504","$106,000",Research by the Center for Responsive Politics
James Lankford (R-Okla),S,R,"-$16,995","$56,502","$129,999",Research by the Center for Responsive Politics
Gregg Harper (R-Miss),H,R,"-$248,997","$50,500","$349,998",Research by the Center for Responsive Politics
Sanford Bishop (D-Ga),H,D,"-$168,993","$48,502","$265,998",Research by the Center for Responsive Politics
Sam Johnson (R-Texas),H,R,"$17,003","$48,501","$80,000",Research by the Center for Responsive Politics
Kevin Yoder (R-Kan),H,R,"-$263,990","$48,003","$359,996",Research by the Center for Responsive Politics
Seth Moulton (D-Mass),H,D,"-$74,989","$47,504","$169,998",Research by the Center for Responsive Politics
Rob Bishop (R-Utah),H,R,"$16,002","$40,501","$65,000",Research by the Center for Responsive Politics
John Lewis (D-Ga),H,D,"$5,005","$40,002","$75,000",Research by the Center for Responsive Politics
Tim Walberg (R-Mich),H,R,"$5,005","$40,002","$75,000",Research by the Center for Responsive Politics
Steny H. Hoyer (D-Md),H,D,"$15,003","$33,501","$52,000",Research by the Center for Responsive Politics
Debbie Stabenow (D-Mich),S,D,"$15,001","$32,500","$50,000",Research by the Center for Responsive Politics
Jaime Herrera Beutler (R-Wash),H,R,"$15,001","$32,500","$50,000",Research by the Center for Responsive Politics
Jody B. Hice (R-Ga),H,R,"-$169,997","$32,500","$234,998",Research by the Center for Responsive Politics
Randy Hultgren (R-Ill),H,R,"$15,001","$32,500","$50,000",Research by the Center for Responsive Politics
Jerrold Nadler (D-NY),H,D,"$1,002","$28,001","$55,000",Research by the Center for Responsive Politics
Cedric Richmond (D-La),H,D,"-$47,995","$27,001","$101,998",Research by the Center for Responsive Politics
Keith Ellison (D-Minn),H,D,"$3,006","$25,503","$48,000",Research by the Center for Responsive Politics
John Katko (R-NY),H,R,"$3,003","$24,001","$45,000",Research by the Center for Responsive Politics
Andre Carson (D-Ind),H,D,"-$32,996","$16,501","$65,999",Research by the Center for Responsive Politics
Brian M. Higgins (D-NY),H,D,"-$44,993","$8,503","$61,999",Research by the Center for Responsive Politics
Eddie Bernice Johnson (D-Texas),H,D,"$1,002","$8,501","$16,000",Research by the Center for Responsive Politics
Hank Johnson (D-Ga),H,D,"$1,001","$8,000","$15,000",Research by the Center for Responsive Politics
Joaquin Castro (D-Texas),H,D,"-$33,998","$8,000","$49,999",Research by the Center for Responsive Politics
Kathleen Rice (D-NY),H,D,"$1,001","$8,000","$15,000",Research by the Center for Responsive Politics
Corrine Brown (D-Fla),H,D,"-$12,998","$3,501","$20,000",Research by the Center for Responsive Politics
Alma Adams (D-NC),H,D,$0,$0,$0,Research by the Center for Responsive Politics
Duncan D. Hunter (R-Calif),H,R,$0,$0,$0,Research by the Center for Responsive Politics
Gregory W. Meeks (D-NY),H,D,$0,$0,$0,Research by the Center for Responsive Politics
Gwen Moore (D-Wis),H,D,$0,$0,$0,Research by the Center for Responsive Politics
Paul Tonko (D-NY),H,D,$0,$0,$0,Research by the Center for Responsive Politics
Rick Crawford (R-Ark),H,R,$0,$0,$0,Research by the Center for Responsive Politics
Norma Torres (D-Calif),H,D,"-$299,996","-$11,499","$276,998",Research by the Center for Responsive Politics
Steve Scalise (R-La),H,R,"-$60,996","-$12,998","$34,999",Research by the Center for Responsive Politics
Tom McClintock (R-Calif),H,R,"-$95,995","-$22,998","$49,999",Research by the Center for Responsive Politics
Mario Diaz-Balart (R-Fla),H,R,"-$48,999","-$24,500",-$1,Research by the Center for Responsive Politics
Eric Swalwell (D-Calif),H,D,"-$82,997","-$26,499","$29,999",Research by the Center for Responsive Politics
Tulsi Gabbard (D-Hawaii),H,D,"-$95,994","-$31,998","$31,998",Research by the Center for Responsive Politics
Kyrsten Sinema (D-Ariz),H,D,"-$50,000","-$32,500","-$15,001",Research by the Center for Responsive Politics
Barry Loudermilk (R-Ga),H,R,"-$83,998","-$34,499","$14,999",Research by the Center for Responsive Politics
Ron DeSantis (R-Fla),H,R,"-$63,998","-$36,499","-$9,001",Research by the Center for Responsive Politics
Raul Labrador (R-Idaho),H,R,"-$143,994","-$49,498","$44,997",Research by the Center for Responsive Politics
Mark Pocan (D-Wis),H,D,"-$100,000","-$65,001","-$30,002",Research by the Center for Responsive Politics
Mike Quigley (D-Ill),H,D,"-$149,999","-$65,001","$19,997",Research by the Center for Responsive Politics
Mark Walker (R-NC),H,R,"-$133,998","-$67,000",-$2,Research by the Center for Responsive Politics
Steve Israel (D-NY),H,D,"-$134,999","-$75,000","-$15,002",Research by the Center for Responsive Politics
Sean P. Duffy (R-Wis),H,R,"-$229,994","-$99,999","$29,996",Research by the Center for Responsive Politics
James Bridenstine (R-Okla),H,R,"-$232,997","-$126,499","-$20,001",Research by the Center for Responsive Politics
Louis B. Gohmert Jr (R-Texas),H,R,"-$230,000","-$175,001","-$120,002",Research by the Center for Responsive Politics
John Conyers Jr (D-Mich),H,D,"-$265,000","-$187,500","-$110,001",Research by the Center for Responsive Politics
Renee Ellmers (R-NC),H,R,"-$477,995","-$246,498","-$15,002",Research by the Center for Responsive Politics
Ruben Hinojosa (D-Texas),H,D,"-$5,045,927","-$1,865,466","$1,314,995",Research by the Center for Responsive Politics
Jeff Fortenberry (R-Neb),H,R,"-$4,445,993","-$2,042,997","$359,998",Research by the Center for Responsive Politics
Emanuel Cleaver (D-Mo),H,D,"-$4,637,988","-$2,291,495","$54,998",Research by the Center for Responsive Politics
Alcee L. Hastings (D-Fla),H,D,"-$7,348,999","-$4,732,002","-$2,115,006",Research by the Center for Responsive Politics
David Valadao (R-Calif),H,R,"-$23,998,997","-$11,592,002","$814,993",Research by the Center for Responsive Politics