,address,city_of_seattle,council_district,hud,name,sha,state_of_wa_or_county,units_with_income_rent_limits,wshfc,year_placed_in_service,zip_code,lat,lng
0,1606 12TH AVE,X,3, ,12th Avenue Arts, , ,86,X,2014,98122,47.615384,-122.3168652
1,13701 20TH AVE NE, ,5, ,13701 20th Ave NE, ,X,4, ,2009,98125,47.7286231,-122.3076156
2,13736 MERIDIAN AVE N,X,5, ,13736 Meridian Ave N, , ,4, ,2003,98133,47.7297958,-122.3338612
3,1715 NW 58TH ST,X,6, ,1715 Apartments, , ,9, ,2015,98107,47.6707472,-122.3795152
4,1806 23RD AVE,X,3, ,1806 23rd Ave, , ,13, ,2014,98122,47.6179606,-122.3022248
5,1811 EASTLAKE AVE,X,7, ,1811 Eastlake Supportive Housing, , ,75,X,2005,98101,47.6182239,-122.3295729
6,1812 12TH AVE,X,3, ,1812 12th Ave, , ,11, ,2014,98122,47.618016,-122.3165818
7,2500 E UNION ST,X,3, ,2500 E Union, , ,6, ,1995,98122,47.6132475,-122.2996395
8,320 E PINE ST,X,3, ,320 E Pine St, , ,27, ,2014,98122,47.6155808,-122.3271119
9,3904 MARTIN LUTHER KING JR WAY S,X,2, ,3904 MLK Way, , ,17,X,1986,98108,47.5682418,-122.2964603
10,410 11TH AVE E,X,3, ,410 Apartments, , ,6, ,1995,98102,47.6223506,-122.3175076
11,4558 7TH AVE NE,X,4, ,47+7 Sustainable Living, , ,5, ,2015,98105,47.663013,-122.320387
12,4730 CALIFORNIA AVE SW,X,1, ,4730 California, , ,15, ,2015,98116,47.5602534,-122.3866063
13,4743 21ST AVE NE,X,4, ,4743 Studios, , ,9, ,2014,98105,47.6643009,-122.3057391
14,507 NE NORTHGATE WAY,X,5, ,507 Northgate, , ,49, ,2009,98125,47.7080656,-122.3226005
15,4750 ROOSEVELT WAY NE,X,4, ,50th & Roosevelt Apartments, , ,12, ,2017,98105,47.6646228,-122.3171692
16,525 NE NORTHGATE WAY,X,5, ,525 at the Enclave, , ,54, ,2015,98125,47.70837119999999,-122.3215923
17,708 6TH AVE N,X,7, ,708 Uptown, , ,24, ,2012,98109,47.6258042,-122.3441011
18,143 NW 85TH ST,X,6, ,85th St Studios, , ,8, ,2015,98117,47.6903765,-122.3598463
19,8727 PHINNEY AVE N,X,5, ,8727 Phinney  Ave N, , ,8, ,2015,98103,47.69321129999999,-122.3543884
20,1601 9TH AVE,X,7, ,9th & Pine Apartments, , ,15, ,2015,98101,47.6137562,-122.332412
21,2020 S JACKSON ST,X,3, ,Abbey Lincoln Court, , ,68,X,2016,98144,47.5994749,-122.3048642
22,308 4TH AVE S, ,2, ,Addison on Fourth, , ,250,X,2013,98104,47.5998894,-122.3285612
23,2614 42ND AVE SW, ,1, ,Admiral House, ,X,15, ,2000,98116,47.5806029,-122.3847842
24,11500 STONE AVE N,X,5, ,Aki Kurose I (Stone View),X, ,26,X,1999,98133,47.7124721,-122.3418572
25,11520 STONE AVE N,X,5, ,Aki Kurose II,X, ,36,X,2000,98133,47.7125296,-122.342238
26,4545 42ND AVE SW, ,1, ,Alaska House, , ,104,X,2004,98116,47.5614597,-122.3857683
27,3512 ALBION PL N,X,4, ,Albion Place, , ,12, ,2004,98103,47.64996410000001,-122.344601
28,6520 35TH AVE SW,X,1, ,Alder Crest Apartments,X, ,35,X,2007,98126,47.54372129999999,-122.3760391
29,220 10TH AVE,X,3, ,Alder Flats, , ,19, ,2013,98122,47.6041782,-122.318989
30,525 25TH AVE S,X,3,X,Alma Gamble, , ,12, ,1999,98144,47.5973061,-122.3003338
31,1911 AURORA AVE N,X,7, ,Aloha Inn, , ,66, ,1992,98109,47.63658119999999,-122.3441683
32,4100 SW ALASKA ST,X,1, ,Altamira Apts, , ,32, ,2009,98116,47.5612376,-122.3849921
33,306 SUMMIT AVE E,X,3, ,Alturra aPodments, , ,12, ,2012,98102,47.6210798,-122.3249436
34,506 E HOWELL ST,X,3, ,Ambassador Condominiums, , ,6, ,1992,98122,47.6179465,-122.3248446
35,4801 RAINIER AVE S,X,2, ,Angeline, , ,39, ,2015,98118,47.5592356,-122.2868601
36,1531 BELMONT AVE,X,3, ,Annapolis, , ,22, ,1987,98122,47.6150367,-122.3247876
37,500 JOHN ST,X,7, ,Aperture on Fifth, , ,21, ,2014,98109,47.6199062,-122.3472159
38,539 23RD AVE S, ,3,X,Argonaut Apartments and Argonaut House 2, , ,14, ,2014,98144,47.5967008,-122.3025329
39,1502 E YESLER WAY,X,3, ,Aridell Mitchell Home, , ,6, ,1991,98122,47.60191469999999,-122.312519
40,1814 MINOR AVE,X,7, ,Arion Court, , ,37, ,1994,98101,47.6173468,-122.3307939
41,14027 LAKE CITY WAY NE,X,5, ,Array, , ,64, ,2014,98125,47.7310258,-122.2930796
42,9200 2ND AVE SW, ,1, ,Arrowhead Gardens, , ,443,X,2010,98106,47.521252,-122.3356492
43,4435 35TH AVE SW,X,1, ,Aura West Seattle, , ,31, ,2016,98126,47.5634212,-122.3764971
44,10507 AURORA AVE N,X,5, ,Aurora Supportive Housing, , ,87,X,2013,98133,47.7055763,-122.3450239
45,1400 NW MARKET ST,X,6, ,Avalon Ballard, , ,53, ,2013,98107,47.6690085,-122.3738834
46,2980 SW AVALON WAY,X,1, ,Avalon Mutual Housing, , ,15, ,2001,98126,47.5682372,-122.3710138
47,2988 SW AVALON WAY,X,1, ,Avalon Place, , ,16, ,2011,98126,47.5680317,-122.3711227
48,300 3RD AVE W,X,7, ,Avalon Queen Anne, , ,41, ,2012,98119,47.6213612,-122.3603182
49,2720 E MADISON ST,X,3, ,Bailey-Boushay House, , ,17, ,1992,98112,47.62329980000001,-122.2968838
50,118 BELL ST,X,7, ,Bakhita Gardens-Rose of Lima & Noel House, , ,90,X,2010,98121,47.6139473,-122.3461167
51,1820 MINOR AVE, ,7, ,Balfour Place, , ,180,X,1993,98101,47.6175343,-122.3312177
52,2445 NW 57TH ST, ,6, ,Ballard House,X, ,79,X,1969,98107,47.6696553,-122.3898313
53,7735 14TH AVE NW,X,6, ,Ballard House-CPC, , ,5, ,1991,98117,47.6861212,-122.3744176
54,2233 NW 58TH ST,X,6, ,Ballard on the Park, , ,54, ,2010,98107,47.6708195,-122.3864756
55,2248 NW 64TH ST,X,6, ,Ballard Public, , ,20, ,2015,98107,47.6755124,-122.3869462
56,412 BROADWAY,X,3, ,Barclay Broadway, , ,24, ,2012,98122,47.6060435,-122.3204507
57,430 MINOR AVE N, ,7, ,Bart Harvey, , ,49,X,2009,98109,47.6229289,-122.3325962
58,9201 RAINIER AVE S, ,2, ,Barton Place,X, ,91,X,1971,98118,47.5205296,-122.2703931
59,1728 12TH AVE,X,3, ,BASE Capitol Hill, , ,7, ,2014,98122,47.6172992,-122.3166065
60,2614 4TH AVE, ,7, ,Bayview Tower,X, ,100, ,1975,98121,47.6176936,-122.3472986
61,1536 12TH AVE S,X,2, ,Beacon Hill House, , ,5, ,1991,98144,47.5888841,-122.3169354
62,1545 12TH AVE S,X,2, ,Beacon House,X, ,6, ,1994,98144,47.5886133,-122.3175915
63,1311 S MASSACHUSETTS ST, ,2, ,Beacon Tower,X, ,108,X,1971,98144,47.5882132,-122.3156016
64,2215 1ST AVE, ,7, ,Bell Tower,X, ,120, ,1970,98121,47.6128285,-122.3461524
65,1641 BELLEVUE AVE,X,3, ,Bellevue/Olive Apartments, , ,48,X,1995,98122,47.6166121,-122.3270792
66,2208 2ND AVE,X,7, ,Belltown Senior Apartments, , ,25,X,2003,98121,47.6136836,-122.3444571
67,1411 BOYLSTON AVE,X,3, ,Belmont-Boylston Apts, , ,16, ,1990,98122,47.6134285,-122.3236635
68,101 N 104TH ST,X,6, ,Bergan Place Apartments, , ,37, ,1998,98133,47.704136,-122.357915
69,535 17TH AVE E,X,3, ,Berneva, , ,12, ,1992,98112,47.624274,-122.310307
70,1200 E PIKE ST,X,3, ,Beryl, , ,19, ,2015,98122,47.6142778,-122.3165507
71,7132 35TH AVE SW,X,1, ,Bethlehem House, , ,5, ,2000,98126,47.5382456,-122.3761801
72,620 N 130TH ST,X,5, ,Bitter Lake Manor - SSHP,X, ,71, ,2012,98133,47.723733,-122.350882
73,600 N 130TH ST, ,5, ,Bitterlake Facility (Moms Project), ,X,44, ,1999,98133,47.723933,-122.3515655
74,5020 CALIFORNIA AVE SW,X,1, ,Blake, , ,21, ,2014,98136,47.55679600000001,-122.386439
75,2401 NE BLAKELEY ST,X,4, ,Blakeley Manor - SSHP,X, ,69, ,2012,98105,47.6657869,-122.3015699
76,9722 8TH AVE NW,X,6,X,Booth Gardens, , ,16, ,1991,98117,47.7006215,-122.365635
77,3801 STONE WAY N,X,4, ,Bowman Stone Way, , ,55, ,2016,98103,47.6532043,-122.3433421
78,975 JOHN ST,X,7, ,Boxcar, , ,29, ,2013,98109,47.619481,-122.3375502
79,1726 BOYLSTON AVE,X,3,X,Boylston-Howell, , ,30, ,1994,98122,47.6173501,-122.3231303
80,2905 1ST AVE,X,7, ,Bremer, , ,49, ,1992,98121,47.61683319999999,-122.3530166
81,6800 62ND AVE NE,X,4, ,Brettler Family Housing, , ,51,X,2011,98115,47.6782924,-122.2616386
82,133 PONTIUS AVE N,X,7, ,Brewster Apartments, , ,35, ,1996,98109,47.6195133,-122.3325467
83,4557 11TH AVE NE,X,4, ,Bridges at 11th, , ,37, ,2015,98105,47.6624768,-122.3165305
84,11020 GREENWOOD AVE N,X,5, ,Brierwood, , ,23, ,2010,98133,47.7093934,-122.354949
85,6727 RAINIER AVE S, ,2, ,"Brighton, The", ,X,10, ,1999,98118,47.54154680000001,-122.2733966
86,124 DENNY WAY,X,7, ,Broadstone Clarendon, , ,15, ,2017,98109,47.6187733,-122.3544907
87,1139 NW MARKET ST,X,6, ,Broadstone Koi, , ,31, ,2013,98107,47.6684345,-122.3720366
88,4745 40TH AVE SW,X,1, ,Broadstone Sky, , ,27, ,2015,98116,47.5597253,-122.3833011
89,1620 BROADWAY,X,3, ,Broadway Building, , ,19, ,2010,98122,47.6162289,-122.3202924
90,815 E PINE ST,X,3, ,Broadway Crossing, , ,44,X,2007,98122,47.6150944,-122.3213667
91,2609 BROADWAY E,X,3, ,Broadway House, , ,8, ,1996,98102,47.6435137,-122.3212561
92,4008 NE 57TH ST,X,4, ,Bryant House, , ,5, ,1998,98105,47.6705113,-122.2843341
93,4732 35TH AVE S,X,2, ,Buchanan Place, , ,12, ,2003,98118,47.5597787,-122.2885009
94,3516 S JUNEAU ST,X,2, ,Bunkhouse, , ,24, ,2001,98118,47.5498784,-122.2880668
95,5100 40TH AVE NE,X,4, ,Burke Gilman Place, , ,113,X,1985,98105,47.66602779999999,-122.2844841
96,5251 SAND POINT WAY NE,X,4, ,Burke-Gilman Gardens, , ,15, ,1997,98105,47.6677585,-122.2804515
97,621 S JACKSON ST,X,2,X,Bush Hotel, , ,95,X,1994,98104,47.5989323,-122.3254668
98,3300 WETMORE AVE S,X,2, ,Byron/Wetmore, , ,12,X,1992,98144,47.5743544,-122.2931841
99,909 BOREN AVE,X,3,X,Cabrini Senior Housing, , ,50,X,2006,98104,47.6090406,-122.3252591
100,400 BROADWAY,X,3,X,Cal Anderson House, , ,23, ,1994,98122,47.60552879999999,-122.3204084
101,1806 12TH AVE,X,3, ,Cal Park Studios, , ,8, ,2014,98122,47.6179366,-122.316566
102,6420 CALIFORNIA AVE SW, ,1, ,Cal-Mor Circle,X, ,75,X,1969,98136,47.5454859,-122.3867703
103,13030 LINDEN AVE N, ,5, ,Cambridge Apartments, , ,138,X,2007,98133,47.7244245,-122.3472854
104,903 UNION ST,X,7, ,Cambridge Apartments, , ,156, ,1985,98101,47.6114531,-122.3298647
105,424 MINOR AVE N,X,7, ,Canaday House, , ,83,X,2010,98109,47.6227398,-122.3326524
106,113 23RD AVE S,X,3, ,Cannon House, , ,86,X,2002,98144,47.6008433,-122.3028226
107,525 14TH AVE E, ,3, ,Capitol Park,X, ,125,X,1971,98112,47.6238378,-122.3150836
108,431 BOYLSTON AVE E,X,3, ,Caroline W. Apartments, , ,44,X,2015,98102,47.6230045,-122.3233016
109,600 5TH AVE, ,3, ,Carroll Terrace,X, ,26, ,1985,98104,47.6042192,-122.3290477
110,1167 REPUBLICAN ST,X,7, ,Casa Pacifica, , ,63,X,1998,98109,47.6228521,-122.3333879
111,710 N 85TH ST, ,5,X,Cascade Cluster, , ,6, ,1984,98103,47.6907889,-122.3492886
112,1722 BELMONT AVE, ,3, ,Cascade Court/Sterling Court, , ,107,X,1994,98122,47.6170835,-122.3241563
113,312 NW 85TH ST,X,6, ,Cate Apartments, , ,31,X,2003,98117,47.6908599,-122.3612341
114,13215 39TH AVE NE,X,5, ,Cedar House-CPC, , ,8, ,1997,98125,47.7251138,-122.286723
115,13051 37TH AVE NE,X,5, ,Cedar House-LIHI, , ,5, ,1999,98125,47.7245389,-122.2896449
116,12723 37TH AVE NE,X,5, ,Cedar Park, , ,4, ,1999,98125,47.7220107,-122.2889572
117,12740 30TH AVE NE, ,5, ,Cedar Park Apartments, , ,203,X,2008,98125,47.72217699999999,-122.2957163
118,11050 8TH AVE NE, ,5, ,Cedarvale House,X, ,118,X,1971,98125,47.710233,-122.3201755
119,11219 ROOSEVELT WAY NE, ,5, ,Cedarvale Village,X, ,24, ,1971,98125,47.7104678,-122.3181359
120,600 E OLIVE ST,X,3, ,Centennial Apartments, , ,18, ,2000,98122,47.6165123,-122.3241348
121,2121 26TH AVE S, ,3, ,Center Park,X, ,137,X,1969,98144,47.5842083,-122.2996639
122,533 3RD AVE W, ,7, ,Center West,X, ,91,X,1969,98119,47.6243475,-122.3609513
123,8427 DELRIDGE WAY SW,X,1, ,Centerwood, , ,12, ,2002,98106,47.5272783,-122.3608133
124,2203 E UNION ST,X,3, ,"Central, The", , ,19, ,2016,98122,47.6126548,-122.3032309
125,1304 E JOHN ST,X,3, ,Centro aPodments, , ,12, ,2012,98112,47.6201258,-122.3151789
126,101 TAYLOR AVE N,X,7, ,"Century, The", , ,52, ,2014,98109,47.6191505,-122.3465378
127,1000 S HENDERSON ST,X,1, ,Cesar Chavez Village, , ,25,X,2009,98108,47.52306890000001,-122.3202667
128,3656 35TH AVE S,X,2, ,Charlestown Apartments, , ,7, ,2004,98144,47.5699603,-122.2886091
129,2014 NW 57TH ST,X,6,X,Cheryl Chow Court, , ,50,X,2015,98107,47.6704118,-122.3828312
130,1220 E MADISON ST,X,3, ,"Citizen, The", , ,22, ,2012,98122,47.6133684,-122.3159665
131,4740 32ND AVE S,X,2, ,CityLine, , ,49, ,2016,98118,47.5597923,-122.2912156
132,3333 RAINIER AVE S,X,2,X,Claremont Apartments, , ,67,X,2011,98144,47.573122,-122.2945142
133,1056 N 35TH ST,X,4, ,Coach House, , ,8, ,1997,98103,47.650065,-122.3444551
134,2300 S MASSACHUSETTS ST,X,3, ,Colman School, , ,36,X,2008,98144,47.5890396,-122.3018363
135,4484 MARTIN LUTHER KING JR WAY S,X,2, ,Columbia City Station Apartments, , ,52,X,2012,98108,47.5632973,-122.2944795
136,710 26TH AVE,X,3, ,Columbia Court, , ,13, ,1990,98122,47.6085258,-122.2986419
137,3605 34TH AVE S,X,2, ,Columbia Gardens at Rainier Court, , ,69,X,2014,98144,47.571271,-122.290467
138,4902 RAINIER AVE S,X,2, ,Columbia Hotel, , ,8, ,1997,98118,47.5578194,-122.28462
139,4628 S HOLLY ST, ,2, ,Columbia Place,X, ,66, ,1984,98118,47.5428182,-122.2739737
140,5601 22ND AVE NW,X,6, ,"Commons at Ballard, The", , ,17, ,2016,98107,47.66963090000001,-122.3849034
141,210 ALASKAN WAY S,X,7, ,Compass Center 210, , ,79, ,2005,98104,47.6004411,-122.3353941
142,756 JOHN ST,X,7, ,Compass on Dexter, , ,72,X,2014,98109,47.6200156,-122.3420854
143,8424 DELRIDGE WAY SW, ,1,X,Conbela Apartments, , ,7, ,1983,98106,47.5274717,-122.3601352
144,14065 ROOSEVELT WAY N,X,5, ,Cooper House, , ,4, ,1991,98133,47.7316759,-122.3409958
145,227 BOYLSTON AVE E,X,3, ,Cortena, , ,7, ,2013,98102,47.6206895,-122.3233322
146,5444 DELRIDGE WAY SW,X,1, ,Cottage Grove, , ,66,X,2013,98106,47.5525959,-122.3626268
147,3621 33RD AVE S, ,2, ,Courtland Place at Rainier Court, , ,206,X,2004,98144,47.5709905,-122.2915097
148,1315 E JEFFERSON ST,X,3, ,Craft Apartments, , ,7, ,2016,98122,47.6060862,-122.3146521
149,6701 21ST AVE SW,X,1, ,Croft Place Townhomes, , ,21,X,2005,98106,47.5425713,-122.3598484
150,918 N 103RD ST,X,5, ,Cubix, , ,6, ,2014,98133,47.7037747,-122.3464621
151,721 E PINE ST,X,3, ,Cue Apartments, , ,18, ,2015,98122,47.6150321,-122.3223376
152,3605 33RD AVE W, ,7, ,Dakota at Rainier Court, , ,176,X,2005,98199,47.6525495,-122.399806
153,111 YALE AVE N,X,7, ,David Colwell Building, , ,124,X,2000,98109,47.618906,-122.3306147
154,301 12TH AVE,X,3, ,Decibel, , ,15, ,2016,98122,47.6045048,-122.3170691
155,919 STEWART ST,X,7, ,Dekko Place, , ,50,X,2012,98101,47.6157706,-122.3339176
156,8630 DELRIDGE WAY SW,X,1, ,Delridge Heights, , ,11, ,2003,98106,47.5255005,-122.3601452
157,620 N 85TH ST,X,6, ,Denice Hunt Townhomes,X, ,30, ,1999,98103,47.690998,-122.350328
158,2721 17TH AVE S,X,2, ,Denning, , ,10, ,2014,98144,47.5788138,-122.3112121
159,1823 18TH AVE,X,3, ,Denny 18, , ,7, ,2016,98122,47.6183426,-122.309149
160,230 8TH AVE N,X,7, ,Denny Park Apartments, , ,50,X,2005,98109,47.6207018,-122.3407266
161,100 MELROSE AVE E, ,3, ,Denny Terrace,X, ,220, ,1969,98102,47.6190821,-122.3275028
162,420 WALL ST,X,7, ,Devonshire Apartments, , ,62, ,1993,98121,47.617374,-122.3461472
163,417 28TH AVE S,X,3, ,Dolly Austin Home, , ,6, ,1989,98144,47.5986377,-122.2965692
164,721 S LANE ST,X,2, ,Domingo Viernes Apartments, , ,56,X,2004,98104,47.5964775,-122.3228401
165,106 BELL ST,X,7, ,Dorothy Day Residence, , ,41,X,1999,98121,47.6136671,-122.3464734
166,10405 RENTON AVE S,X,2, ,Dove House - Seattle, , ,5, ,1995,98178,47.5079369,-122.2566065
167,706 UNION ST, ,7, ,"Eagles, The", , ,43,X,1996,98101,47.6109199,-122.3321125
168,1823 EASTLAKE AVE E,X,4, ,East Howe Steps, , ,19, ,2016,98102,47.63555179999999,-122.3257489
169,1113 E JOHN ST,X,3, ,East John Apartments, , ,10, ,2015,98102,47.6197524,-122.3175081
170,506 MAYNARD AVE S,X,2, ,Eastern Hotel, , ,46,X,1998,98104,47.5980699,-122.3247823
171,2820 EASTLAKE AVE E,X,4, ,Eastlake Flats, , ,24, ,2016,98102,47.6462425,-122.3248876
172,2522 14TH AVE S,X,2, ,El Patio, , ,14,X,1994,98144,47.5802506,-122.3141909
173,2119 2ND AVE,X,7, ,El Rey, , ,60, ,1999,98121,47.6126837,-122.3441797
174,800 NE 67TH ST,X,4, ,Eleanor, , ,52, ,2016,98115,47.6778069,-122.3196693
175,2622 CALIFORNIA AVE SW,X,1, ,Element 42, , ,16, ,2011,98116,47.5799392,-122.3859457
176,109 23RD AVE E, ,3,X,Elizabeth James Senior Housing, , ,60, ,1969,98112,47.6196302,-122.3028649
177,7700 RAINIER AVE S,X,2, ,Emerald City Commons, , ,60,X,2013,98118,47.5334364,-122.2693203
178,1401 E OLIVE ST, ,3, ,Emma Pardee Townhomes, , ,8,X,1992,98122,47.6164525,-122.3142554
179,1520 EASTLAKE AVE E,X,4, ,Equinox Apts, , ,41, ,2010,98102,47.6328675,-122.3257008
180,2010 S JACKSON ST,X,3, ,Ernestine Anderson Place, , ,60,X,2013,98144,47.5994257,-122.3055422
181,6940 37TH AVE S, ,2, ,Esperanza Apartments, , ,83,X,2001,98118,47.5392844,-122.2856154
182,415 10TH AVE,X,3, ,Evans House, , ,75,X,2007,98122,47.6058208,-122.3197803
183,10539 EVANSTON AVE N,X,5, ,Evanston House, , ,6, ,1998,98133,47.7062178,-122.3517606
184,954 E UNION ST,X,3, ,Evolve, , ,16, ,2014,98122,47.6132874,-122.3198192
185,100 REPUBLICAN ST,X,7, ,Expo, , ,55, ,2012,98109,47.6234857,-122.3550296
186,5949 CALIFORNIA AVE SW,X,1, ,Fauntleroy Lofts, , ,8, ,2015,98136,47.5489507,-122.3875148
187,2519 1ST AVE,X,7,X,First & Vine Apartments, , ,80,X,2012,98121,47.61486619999999,-122.3496347
188,10751 2ND AVE NW,X,5, ,Firwood, , ,27, ,2005,98177,47.7085505,-122.3600018
189,2321 4TH AVE,X,7, ,Fleming Apartments, , ,30,X,2000,98121,47.6156071,-122.3449393
190,3266 SW AVALON WAY,X,1, ,Footprint - Avalon Studios, , ,12, ,2014,98126,47.5643029,-122.375162
191,422 11TH AVE E,X,3, ,Footprint 11th, , ,11, ,2013,98102,47.62262450000001,-122.3175218
192,4546 DELRIDGE WAY SW,X,1, ,Footprint Delridge, , ,4, ,2013,98106,47.5615664,-122.3626481
193,3401 W GOVERNMENT WAY, ,7, ,Fort Lawton Place,X, ,24, ,1984,98199,47.6587295,-122.4013425
194,2371 FRANKLIN AVE E,X,4, ,Franklin Studios, , ,7, ,2014,98102,47.6418036,-122.3249491
195,801 9TH AVE,X,3, ,Frederic Ozanam House, , ,56,X,2009,98104,47.6070627,-122.3264817
196,1509 E MERCER ST,X,3, ,Fredonia, , ,7, ,1987,98112,47.6242167,-122.3123845
197,4601 PHINNEY AVE N, ,6, ,Fremont Place,X, ,31, ,1984,98103,47.6624259,-122.3543659
198,3623 WOODLAND PARK AVE N,X,4, ,Fremont Solstice Apartments, , ,17,X,2008,98103,47.6512435,-122.3444054
199,223 YESLER WAY,X,7,x,Frye Apartments, , ,233,x,1999,98104,47.60150660000001,-122.330588
200,4425 MARTIN LUTHER KING JR WAY S,X,2,X,Genesee Housing, , ,49,X,2006,98108,47.5633022,-122.2954079
201,639 NW 85TH ST,X,6, ,George B, , ,8, ,1991,98117,47.6904333,-122.3649655
202,323 25TH AVE S, ,3, ,Gideon-Mathews Gardens,X, ,45, ,1986,98144,47.5996508,-122.300148
203,1116 NW 54TH ST,X,6, ,Gilman Court, , ,25,X,1996,98107,47.6681148,-122.3715553
204,1530 3RD AVE,X,7, ,Gilmore, , ,64,X,2003,98101,47.6106804,-122.3382694
205,1413 3RD AVE,X,7, ,Glen Hotel, , ,37,X,1996,98101,47.6089389,-122.3376907
206,4649 SUNNYSIDE AVE N,X,4, ,Good Shepherd Center, , ,6, ,2003,98103,47.6638818,-122.331229
207,4719 12TH AVE NE,X,4, ,Gossett Place, , ,62,X,2011,98105,47.66366379999999,-122.3155709
208,2014 TERRY AVE, ,7, ,Graham/Terry Apartments, , ,117,X,1992,98121,47.6175057,-122.3353097
209,505 NE 70TH ST, ,6, ,Green Lake Plaza,X, ,130,X,1970,98115,47.6793001,-122.3220219
210,3701 S HUDSON ST,X,2, ,Greenhouse, , ,25, ,2012,98118,47.5565809,-122.285661
211,12701 GREENWOOD AVE N, ,5, ,Greenwood Apartments,X, ,6, ,1981,98133,47.7215771,-122.3559715
212,202 N 110TH ST,X,5, ,Greenwood Home, , ,11, ,2001,98133,47.7089838,-122.3563203
213,8808 6TH AVE NW,X,6, ,Greenwood House, , ,10, ,1999,98117,47.6931036,-122.3630279
214,201 W HARRISON ST,X,7, ,H2O Apts, , ,8, ,2012,98119,47.6219896,-122.3597301
215,1415 E OLIVE ST,X,3,X,Haines Apartments, , ,29,X,2015,98122,47.6162104,-122.3134874
216,1107 VIRGINIA ST, ,7, ,Harbor House - Dutch Shisler, ,X,20, ,1996,98101,47.6177955,-122.3337082
217,8504 WALLINGFORD AVE N, ,5, ,Harder House, ,X,7, ,2007,98103,47.6906798,-122.3360103
218,346 15TH AVE E,X,3, ,Harrison House, , ,19,X,2001,98112,47.621876,-122.31234
219,610 HARVARD AVE E, ,3, ,Harvard Court,X, ,81,X,1969,98102,47.62464060000001,-122.32171
220,2615 E CHERRY ST,X,3, ,Harvey Apartments, , ,18, ,2000,98122,47.6078569,-122.2981317
221,934 N 98TH ST, ,5, ,Heather Apts, ,X,16, ,1995,98103,47.7007932,-122.3459673
222,711 E UNION ST,X,3, ,Heg House, , ,10,X,1991,98101,47.6128339,-122.3228055
223,1319 E UNION ST,X,3,X,Helen V Apartments, , ,38,X,2002,98122,47.612545,-122.314519
224,414 NE RAVENNA BLVD,X,6, ,Helene Apartments, , ,13, ,2016,98115,47.6786025,-122.3239478
225,843 HIAWATHA PL S,X,3, ,Hiawatha Artist Lofts, , ,60,X,2008,98144,47.5946805,-122.30974
226,2714 SW MACARTHUR LN, ,1, ,High Point Phase I,X, ,1,X,2006,98126,47.5506816,-122.3702601
227,2716 SW MACARTHUR LN, ,1, ,High Point Phase I,X, ,1,X,2006,98126,47.5506451,-122.3702251
228,2718 SW MACARTHUR LN, ,1, ,High Point Phase I,X, ,1,X,2006,98126,47.5506001,-122.370103
229,2720 SW MACARTHUR LN, ,1, ,High Point Phase I,X, ,1,X,2006,98126,47.5506422,-122.3700908
230,2721 SW MACARTHUR LN, ,1, ,High Point Phase I,X, ,1,X,2006,98126,47.5503477,-122.3699527
231,2725 SW MACARTHUR LN, ,1, ,High Point Phase I,X, ,1,X,2006,98126,47.5503478,-122.3697598
232,2726 SW MACARTHUR LN, ,1, ,High Point Phase I,X, ,1,X,2006,98126,47.5504669,-122.3695125
233,2727 SW MACARTHUR LN, ,1, ,High Point Phase I,X, ,1,X,2006,98126,47.55032749999999,-122.3696908
234,2728 SW MACARTHUR LN, ,1, ,High Point Phase I,X, ,1,X,2006,98126,47.5504673,-122.3694382
235,2729 SW MACARTHUR LN, ,1, ,High Point Phase I,X, ,1,X,2006,98126,47.5502666,-122.3695208
236,2731 SW MACARTHUR LN, ,1, ,High Point Phase I,X, ,1,X,2006,98126,47.5502393,-122.3694618
237,2732 SW MACARTHUR LN, ,1, ,High Point Phase I,X, ,1,X,2006,98126,47.5503149,-122.3692578
238,2734 SW MACARTHUR LN, ,1, ,High Point Phase I,X, ,1,X,2006,98126,47.5503008,-122.3692278
239,2735 SW MACARTHUR LN, ,1, ,High Point Phase I,X, ,1,X,2006,98126,47.55016029999999,-122.3693595
240,2737 SW MACARTHUR LN, ,1, ,High Point Phase I,X, ,1,X,2006,98126,47.5501486,-122.3692997
241,2738 SW MACARTHUR LN, ,1, ,High Point Phase I,X, ,1,X,2006,98126,47.5502075,-122.3690854
242,2740 SW MACARTHUR LN, ,1, ,High Point Phase I,X, ,1,X,2006,98126,47.5501867,-122.3690471
243,2741 SW MACARTHUR LN, ,1, ,High Point Phase I,X, ,1,X,2006,98126,47.5500503,-122.3691412
244,2743 SW MACARTHUR LN, ,1, ,High Point Phase I,X, ,1,X,2006,98126,47.5500118,-122.3691092
245,2744 SW MACARTHUR LN, ,1, ,High Point Phase I,X, ,1,X,2006,98126,47.55004539999999,-122.3688513
246,2746 SW MACARTHUR LN, ,1, ,High Point Phase I,X, ,1,X,2006,98126,47.5500236,-122.3688382
247,2747 SW MACARTHUR LN, ,1, ,High Point Phase I,X, ,1,X,2006,98126,47.5499164,-122.3689854
248,2749 SW MACARTHUR LN, ,1, ,High Point Phase I,X, ,1,X,2006,98126,47.54989639999999,-122.3689667
249,2750 SW MACARTHUR LN, ,1, ,High Point Phase I,X, ,1,X,2006,98126,47.5499069,-122.3687013
250,2752 SW MACARTHUR LN, ,1, ,High Point Phase I,X, ,1,X,2006,98126,47.5498763,-122.3686598
251,2753 SW MACARTHUR LN, ,1, ,High Point Phase I,X, ,1,X,2006,98126,47.54974319999999,-122.3688869
252,5910 HIGH POINT DR SW, ,1, ,High Point Phase I,X, ,1,X,2006,98126,47.5502363,-122.3704099
253,5912 HIGH POINT DR SW, ,1, ,High Point Phase I,X, ,1,X,2006,98126,47.5501981,-122.3703952
254,5916 HIGH POINT DR SW, ,1, ,High Point Phase I,X, ,1,X,2006,98126,47.5501532,-122.3700616
255,5918 HIGH POINT DR SW, ,1, ,High Point Phase I,X, ,1,X,2006,98126,47.5501358,-122.3700541
256,5920 HIGH POINT DR SW, ,1, ,High Point Phase I,X, ,1,X,2006,98126,47.5501381,-122.3700155
257,5922 HIGH POINT DR SW, ,1, ,High Point Phase I,X, ,1,X,2006,98126,47.5501204,-122.3699692
258,5924 HIGH POINT DR SW, ,1, ,High Point Phase I,X, ,1,X,2006,98126,47.5500994,-122.3698867
259,5926 HIGH POINT DR SW, ,1, ,High Point Phase I,X, ,1,X,2006,98126,47.5500289,-122.3697811
260,5928 HIGH POINT DR SW, ,1, ,High Point Phase I,X, ,1,X,2006,98126,47.55001250000001,-122.369695
261,5930 HIGH POINT DR SW, ,1, ,High Point Phase I,X, ,1,X,2006,98126,47.5499982,-122.3696386
262,5932 HIGH POINT DR SW, ,1, ,High Point Phase I,X, ,1,X,2006,98126,47.5498796,-122.369399
263,5934 HIGH POINT DR SW, ,1, ,High Point Phase I,X, ,1,X,2006,98126,47.5498513,-122.369395
264,5936 HIGH POINT DR SW, ,1, ,High Point Phase I,X, ,1,X,2006,98126,47.54981919999999,-122.3693922
265,5938 HIGH POINT DR SW, ,1, ,High Point Phase I,X, ,1,X,2006,98126,47.5498049,-122.3693263
266,5940 HIGH POINT DR SW, ,1, ,High Point Phase I,X, ,1,X,2006,98126,47.5497071,-122.3692532
267,5942 HIGH POINT DR SW, ,1, ,High Point Phase I,X, ,1,X,2006,98126,47.5496765,-122.3692372
268,5944 HIGH POINT DR SW, ,1, ,High Point Phase I,X, ,1,X,2006,98126,47.5496523,-122.3692055
269,5946 HIGH POINT DR SW, ,1, ,High Point Phase I,X, ,1,X,2006,98126,47.5496279,-122.3691553
270,5948 HIGH POINT DR SW, ,1, ,High Point Phase I,X, ,1,X,2006,98126,47.5494838,-122.3690415
271,5950 HIGH POINT DR SW, ,1, ,High Point Phase I,X, ,1,X,2006,98126,47.5494367,-122.3690431
272,5952 HIGH POINT DR SW, ,1, ,High Point Phase I,X, ,1,X,2006,98126,47.5491038,-122.3686753
273,5954 HIGH POINT DR SW, ,1, ,High Point Phase I,X, ,1,X,2006,98126,47.549091,-122.3686496
274,6000 HIGH POINT DR SW, ,1, ,High Point Phase I,X, ,1,X,2006,98126,47.5482643,-122.3684995
275,6002 HIGH POINT DR SW, ,1, ,High Point Phase I,X, ,1,X,2006,98126,47.5482667,-122.3684155
276,6006 HIGH POINT DR SW, ,1, ,High Point Phase I,X, ,1,X,2006,98126,47.5480875,-122.3684888
277,6008 HIGH POINT DR SW, ,1, ,High Point Phase I,X, ,1,X,2006,98126,47.5480946,-122.3684187
278,6012 HIGH POINT DR SW, ,1, ,High Point Phase I,X, ,1,X,2006,98126,47.5479529,-122.3685311
279,6014 HIGH POINT DR SW, ,1, ,High Point Phase I,X, ,1,X,2006,98126,47.5479169,-122.3685634
280,6018 HIGH POINT DR SW, ,1, ,High Point Phase I,X, ,1,X,2006,98126,47.5477476,-122.3685697
281,6020 HIGH POINT DR SW, ,1, ,High Point Phase I,X, ,1,X,2006,98126,47.5477055,-122.3686172
282,6024 HIGH POINT DR SW, ,1, ,High Point Phase I,X, ,1,X,2006,98126,47.5476026,-122.3687168
283,6026 HIGH POINT DR SW, ,1, ,High Point Phase I,X, ,1,X,2006,98126,47.54757799999999,-122.368782
284,6030 HIGH POINT DR SW, ,1, ,High Point Phase I,X, ,1,X,2006,98126,47.5475171,-122.3688379
285,6032 HIGH POINT DR SW, ,1, ,High Point Phase I,X, ,1,X,2006,98126,47.547466,-122.368878
286,6304 HIGH POINT DR SW, ,1, ,High Point Phase I,X, ,1,X,2006,98126,47.5473344,-122.3688083
287,6306 HIGH POINT DR SW, ,1, ,High Point Phase I,X, ,1,X,2006,98126,47.5472988,-122.3688413
288,6310 HIGH POINT DR SW, ,1, ,High Point Phase I,X, ,1,X,2006,98126,47.5470564,-122.3687271
289,6312 HIGH POINT DR SW, ,1, ,High Point Phase I,X, ,1,X,2006,98126,47.5470489,-122.3687153
290,6314 HIGH POINT DR SW, ,1, ,High Point Phase I,X, ,1,X,2006,98126,47.548438,-122.368479
291,6316 HIGH POINT DR SW, ,1, ,High Point Phase I,X, ,1,X,2006,98126,47.5469905,-122.3685976
292,6322 HIGH POINT DR SW, ,1, ,High Point Phase I,X, ,1,X,2006,98126,47.54691,-122.368373
293,6324 HIGH POINT DR SW, ,1, ,High Point Phase I,X, ,1,X,2006,98126,47.546897,-122.368443
294,6326 HIGH POINT DR SW, ,1, ,High Point Phase I,X, ,1,X,2006,98126,47.546886,-122.3684989
295,6330 HIGH POINT DR SW, ,1, ,High Point Phase I,X, ,1,X,2006,98126,47.546834,-122.368684
296,6332 HIGH POINT DR SW, ,1, ,High Point Phase I,X, ,1,X,2006,98126,47.546767,-122.368671
297,6342 HIGH POINT DR SW, ,1, ,High Point Phase I,X, ,1,X,2006,98126,47.5465124,-122.3685534
298,6344 HIGH POINT DR SW, ,1, ,High Point Phase I,X, ,1,X,2006,98126,47.546494,-122.368552
299,6350 HIGH POINT DR SW, ,1, ,High Point Phase I,X, ,1,X,2006,98126,47.546518,-122.368407
300,6352 HIGH POINT DR SW, ,1, ,High Point Phase I,X, ,1,X,2006,98126,47.546527,-122.3683399
301,6354 HIGH POINT DR SW, ,1, ,High Point Phase I,X, ,1,X,2006,98126,47.54653,-122.368265
302,6362 HIGH POINT DR SW, ,1, ,High Point Phase I,X, ,1,X,2006,98126,47.546538,-122.368135
303,6364 HIGH POINT DR SW, ,1, ,High Point Phase I,X, ,1,X,2006,98126,47.546547,-122.368073
304,6366 HIGH POINT DR SW, ,1, ,High Point Phase I,X, ,1,X,2006,98126,47.546556,-122.3680101
305,6368 HIGH POINT DR SW, ,1, ,High Point Phase I,X, ,1,X,2006,98126,47.546565,-122.367956
306,3100 SW RAYMOND ST, ,1, ,High Point Phase I,X, ,1,X,2006,98126,47.5484768,-122.3723279
307,3102 SW RAYMOND ST, ,1, ,High Point Phase I,X, ,1,X,2006,98126,47.5484656,-122.3723753
308,3104 SW RAYMOND ST, ,1, ,High Point Phase I,X, ,1,X,2006,98126,47.5483975,-122.3724336
309,3106 SW RAYMOND ST, ,1, ,High Point Phase I,X, ,1,X,2006,98126,47.5484625,-122.3725476
310,3108 SW RAYMOND ST, ,1, ,High Point Phase I,X, ,1,X,2006,98126,47.5484808,-122.3726145
311,3110 SW RAYMOND ST, ,1, ,High Point Phase I,X, ,1,X,2006,98126,47.5483981,-122.3726672
312,3112 SW RAYMOND ST, ,1, ,High Point Phase I,X, ,1,X,2006,98126,47.5484511,-122.3726851
313,3114 SW RAYMOND ST, ,1, ,High Point Phase I,X, ,1,X,2006,98126,47.5484567,-122.3728687
314,3116 SW RAYMOND ST, ,1, ,High Point Phase I,X, ,1,X,2006,98126,47.5484376,-122.3729215
315,3118 SW RAYMOND ST, ,1, ,High Point Phase I,X, ,1,X,2006,98126,47.5484647,-122.3729479
316,3120 SW RAYMOND ST, ,1, ,High Point Phase I,X, ,1,X,2006,98126,47.5483993,-122.373073
317,3122 SW RAYMOND ST, ,1, ,High Point Phase I,X, ,1,X,2006,98126,47.5483995,-122.3731567
318,3124 SW RAYMOND ST, ,1, ,High Point Phase I,X, ,1,X,2006,98126,47.548486,-122.3731399
319,3126 SW RAYMOND ST, ,1, ,High Point Phase I,X, ,1,X,2006,98126,47.5484631,-122.3733742
320,3128 SW RAYMOND ST, ,1, ,High Point Phase I,X, ,1,X,2006,98126,47.5484571,-122.3734137
321,5910 32ND AVE SW, ,1, ,High Point Phase I,X, ,1,X,2006,98126,47.5496907,-122.3730775
322,5912 32ND AVE SW, ,1, ,High Point Phase I,X, ,1,X,2006,98126,47.5496518,-122.373078
323,5914 32ND AVE SW, ,1, ,High Point Phase I,X, ,1,X,2006,98126,47.5496129,-122.3730781
324,5916 32ND AVE SW, ,1, ,High Point Phase I,X, ,1,X,2006,98126,47.5495739,-122.3730782
325,5918 32ND AVE SW, ,1, ,High Point Phase I,X, ,1,X,2006,98126,47.5495357,-122.3736888
326,5920 32ND AVE SW, ,1, ,High Point Phase I,X, ,1,X,2006,98126,47.5495357,-122.3736888
327,5922 32ND AVE SW, ,1, ,High Point Phase I,X, ,1,X,2006,98126,47.549488,-122.3731621
328,5924 32ND AVE SW, ,1, ,High Point Phase I,X, ,1,X,2006,98126,47.5494409,-122.3730959
329,5926 32ND AVE SW, ,1, ,High Point Phase I,X, ,1,X,2006,98126,47.5494273,-122.3731623
330,5928 32ND AVE SW, ,1, ,High Point Phase I,X, ,1,X,2006,98126,47.549211,-122.37317
331,5930 32ND AVE SW, ,1, ,High Point Phase I,X, ,1,X,2006,98126,47.5493999,-122.3731624
332,5932 32ND AVE SW, ,1, ,High Point Phase I,X, ,1,X,2006,98126,47.54938620000001,-122.3731624
333,5934 32ND AVE SW, ,1, ,High Point Phase I,X, ,1,X,2006,98126,47.5493725,-122.3731625
334,5936 32ND AVE SW, ,1, ,High Point Phase I,X, ,1,X,2006,98126,47.5493588,-122.3731625
335,5938 32ND AVE SW, ,1, ,High Point Phase I,X, ,1,X,2006,98126,47.5493451,-122.3731625
336,5940 32ND AVE SW, ,1, ,High Point Phase I,X, ,1,X,2006,98126,47.5493314,-122.3731626
337,5942 32ND AVE SW, ,1, ,High Point Phase I,X, ,1,X,2006,98126,47.5493177,-122.3731626
338,5944 32ND AVE SW, ,1, ,High Point Phase I,X, ,1,X,2006,98126,47.549304,-122.3731627
339,5946 32ND AVE SW, ,1, ,High Point Phase I,X, ,1,X,2006,98126,47.5492903,-122.3731627
340,5948 32ND AVE SW, ,1, ,High Point Phase I,X, ,1,X,2006,98126,47.5492766,-122.3731627
341,5950 32ND AVE SW, ,1, ,High Point Phase I,X, ,1,X,2006,98126,47.5492629,-122.3731628
342,5951 HIGH POINT DR SW, ,1, ,High Point Phase I,X, ,1,X,2006,98126,47.5476125,-122.3689474
343,5952 32ND AVE SW, ,1, ,High Point Phase I,X, ,1,X,2006,98126,47.5492492,-122.3731628
344,5953 HIGH POINT DR SW, ,1, ,High Point Phase I,X, ,1,X,2006,98126,47.5489312,-122.3692051
345,5954 32ND AVE SW, ,1, ,High Point Phase I,X, ,1,X,2006,98126,47.5492356,-122.3731629
346,5956 32ND AVE SW, ,1, ,High Point Phase I,X, ,1,X,2006,98126,47.5492171,-122.3732309
347,5957 HIGH POINT DR SW, ,1, ,High Point Phase I,X, ,1,X,2006,98126,47.5493265,-122.369394
348,5958 32ND AVE SW, ,1, ,High Point Phase I,X, ,1,X,2006,98126,47.54912640000001,-122.37369
349,5959 HIGH POINT DR SW, ,1, ,High Point Phase I,X, ,1,X,2006,98126,47.54936319999999,-122.3693707
350,5960 32ND AVE SW, ,1, ,High Point Phase I,X, ,1,X,2006,98126,47.5489152,-122.3736906
351,5961 HIGH POINT DR SW, ,1, ,High Point Phase I,X, ,1,X,2006,98126,47.5493515,-122.3692829
352,5962 32ND AVE SW, ,1, ,High Point Phase I,X, ,1,X,2006,98126,47.5489152,-122.3736906
353,5963 HIGH POINT DR SW, ,1, ,High Point Phase I,X, ,1,X,2006,98126,47.549308,-122.3692592
354,5964 32ND AVE SW, ,1, ,High Point Phase I,X, ,1,X,2006,98126,47.5487987,-122.3729754
355,5965 31ST AVE SW, ,1, ,High Point Phase I,X, ,1,X,2006,98126,47.54862869999999,-122.3724511
356,5966 32ND AVE SW, ,1, ,High Point Phase I,X, ,1,X,2006,98126,47.548765,-122.3729759
357,5967 HIGH POINT DR SW, ,1, ,High Point Phase I,X, ,1,X,2006,98126,47.5491785,-122.36918
358,5968 32ND AVE SW, ,1, ,High Point Phase I,X, ,1,X,2006,98126,47.5487313,-122.372976
359,5969 HIGH POINT DR SW, ,1, ,High Point Phase I,X, ,1,X,2006,98126,47.5491669,-122.3692166
360,5970 32ND AVE SW, ,1, ,High Point Phase I,X, ,1,X,2006,98126,47.5486976,-122.3729761
361,5972 32ND AVE SW, ,1, ,High Point Phase I,X, ,1,X,2006,98126,47.5486648,-122.3736913
362,5973 HIGH POINT DR SW, ,1, ,High Point Phase I,X, ,1,X,2006,98126,47.5490047,-122.3690584
363,5975 HIGH POINT DR SW, ,1, ,High Point Phase I,X, ,1,X,2006,98126,47.5490249,-122.3690279
364,5976 32ND AVE SW, ,1, ,High Point Phase I,X, ,1,X,2006,98126,47.54858650000001,-122.3733976
365,5979 HIGH POINT DR SW, ,1, ,High Point Phase I,X, ,1,X,2006,98126,47.5488801,-122.3689593
366,5981 HIGH POINT DR SW, ,1, ,High Point Phase I,X, ,1,X,2006,98126,47.548855,-122.3689366
367,5985 HIGH POINT DR SW, ,1, ,High Point Phase I,X, ,1,X,2006,98126,47.5486801,-122.3688674
368,5987 HIGH POINT DR SW, ,1, ,High Point Phase I,X, ,1,X,2006,98126,47.548682,-122.3688778
369,5989 HIGH POINT DR SW, ,1, ,High Point Phase I,X, ,1,X,2006,98126,47.5485718,-122.3688038
370,6011 30TH AVE SW, ,1, ,High Point Phase I,X, ,1,X,2006,98107,47.5479187,-122.371238
371,6017 30TH AVE SW, ,1, ,High Point Phase I,X, ,1,X,2006,98107,47.5478098,-122.3712027
372,6312 30TH AVE SW, ,1, ,High Point Phase I,X, ,1,X,2006,98107,47.5466235,-122.3704805
373,6315 30TH AVE SW, ,1, ,High Point Phase I,X, ,1,X,2006,98107,47.546507,-122.370865
374,6316 30TH AVE SW, ,1, ,High Point Phase I,X, ,1,X,2006,98107,47.5464977,-122.370414
375,2809 SW GRAHAM ST, ,1, ,High Point Phase I,X, ,1,X,2006,98126,47.5471459,-122.3696164
376,2811 SW GRAHAM ST, ,1, ,High Point Phase I,X, ,1,X,2006,98126,47.5471042,-122.3695949
377,2815 SW GRAHAM ST, ,1, ,High Point Phase I,X, ,1,X,2006,98126,47.5470864,-122.3697953
378,3001 SW RAYMOND ST, ,1, ,High Point Phase I,X, ,1,X,2006,98126,47.5481344,-122.3713958
379,3003 SW RAYMOND ST, ,1, ,High Point Phase I,X, ,1,X,2006,98126,47.5481309,-122.3714525
380,3005 SW RAYMOND ST, ,1, ,High Point Phase I,X, ,1,X,2006,98126,47.548161,-122.371489
381,3007 SW RAYMOND ST, ,1, ,High Point Phase I,X, ,1,X,2006,98126,47.5481159,-122.371526
382,3100 SW GRAHAM ST, ,1, ,High Point Phase I,X, ,1,X,2006,98126,47.5470006,-122.3721661
383,3102 SW GRAHAM ST, ,1, ,High Point Phase I,X, ,1,X,2006,98126,47.5469808,-122.3722064
384,3104 SW GRAHAM ST, ,1, ,High Point Phase I,X, ,1,X,2006,98126,47.546971,-122.372266
385,3106 SW GRAHAM ST, ,1, ,High Point Phase I,X, ,1,X,2006,98126,47.5470169,-122.3722502
386,3108 SW GRAHAM ST, ,1, ,High Point Phase I,X, ,1,X,2006,98126,47.5469987,-122.3724321
387,3110 SW GRAHAM ST, ,1, ,High Point Phase I,X, ,1,X,2006,98126,47.5469874,-122.3724292
388,3112 SW GRAHAM ST, ,1, ,High Point Phase I,X, ,1,X,2006,98126,47.54696300000001,-122.372597
389,3114 SW GRAHAM ST, ,1, ,High Point Phase I,X, ,1,X,2006,98126,47.5469625,-122.3726823
390,3116 SW GRAHAM ST, ,1, ,High Point Phase I,X, ,1,X,2006,98126,47.5468871,-122.3728888
391,3118 SW GRAHAM ST, ,1, ,High Point Phase I,X, ,1,X,2006,98126,47.5468893,-122.3729177
392,3120 SW GRAHAM ST, ,1, ,High Point Phase I,X, ,1,X,2006,98126,47.54687209999999,-122.3729381
393,3122 SW GRAHAM ST, ,1, ,High Point Phase I,X, ,1,X,2006,98126,47.5468672,-122.3729817
394,3124 SW GRAHAM ST, ,1, ,High Point Phase I,X, ,1,X,2006,98126,47.5468698,-122.3730238
395,3202 SW GRAHAM ST, ,1, ,High Point Phase I,X, ,1,X,2006,98126,47.5467745,-122.3735341
396,3204 SW GRAHAM ST, ,1, ,High Point Phase I,X, ,1,X,2006,98126,47.5467983,-122.3735876
397,3206 SW GRAHAM ST, ,1, ,High Point Phase I,X, ,1,X,2006,98126,47.5467459,-122.3737786
398,3208 SW GRAHAM ST, ,1, ,High Point Phase I,X, ,1,X,2006,98126,47.5467739,-122.3738345
399,3210 SW GRAHAM ST, ,1, ,High Point Phase I,X, ,1,X,2006,98126,47.5467624,-122.3738521
400,3212 SW GRAHAM ST, ,1, ,High Point Phase I,X, ,1,X,2006,98126,47.5467674,-122.3739125
401,6000 30TH AVE SW, ,1, ,High Point Phase I,X, ,1,X,2006,98126,47.5480765,-122.3709146
402,6000 31ST AVE SW, ,1, ,High Point Phase I,X, ,1,X,2006,98126,47.5481268,-122.3718057
403,6001 30TH AVE SW, ,1, ,High Point Phase I,X, ,1,X,2006,98126,47.5480041,-122.3714151
404,6002 31ST AVE SW, ,1, ,High Point Phase I,X, ,1,X,2006,98126,47.5481085,-122.3718231
405,6004 30TH AVE SW, ,1, ,High Point Phase I,X, ,1,X,2006,98126,47.5479474,-122.370901
406,6004 31ST AVE SW, ,1, ,High Point Phase I,X, ,1,X,2006,98126,47.5480554,-122.3718184
407,6006 30TH AVE SW, ,1, ,High Point Phase I,X, ,1,X,2006,98126,47.547916,-122.3708665
408,6006 31ST AVE SW, ,1, ,High Point Phase I,X, ,1,X,2006,98126,47.54800609999999,-122.3718292
409,6010 30TH AVE SW, ,1, ,High Point Phase I,X, ,1,X,2006,98126,47.5478003,-122.3708463
410,6012 30TH AVE SW, ,1, ,High Point Phase I,X, ,1,X,2006,98126,47.5477962,-122.3708542
411,6013 30TH AVE SW, ,1, ,High Point Phase I,X, ,1,X,2006,98126,47.5478643,-122.3712204
412,6016 30TH AVE SW, ,1, ,High Point Phase I,X, ,1,X,2006,98126,47.5476103,-122.3707657
413,6018 30TH AVE SW, ,1, ,High Point Phase I,X, ,1,X,2006,98126,47.54762299999999,-122.3707598
414,6019 30TH AVE SW, ,1, ,High Point Phase I,X, ,1,X,2006,98126,47.5477735,-122.3711912
415,6020 31ST AVE SW, ,1, ,High Point Phase I,X, ,1,X,2006,98126,47.54766799999999,-122.3718024
416,6021 30TH AVE SW, ,1, ,High Point Phase I,X, ,1,X,2006,98126,47.547705,-122.3714839
417,6022 30TH AVE SW, ,1, ,High Point Phase I,X, ,1,X,2006,98126,47.5474549,-122.3707161
418,6022 31ST AVE SW, ,1, ,High Point Phase I,X, ,1,X,2006,98126,47.5476682,-122.371813
419,6023 30TH AVE SW, ,1, ,High Point Phase I,X, ,1,X,2006,98126,47.5477009,-122.3711676
420,6024 30TH AVE SW, ,1, ,High Point Phase I,X, ,1,X,2006,98126,47.5474476,-122.3707287
421,6025 30TH AVE SW, ,1, ,High Point Phase I,X, ,1,X,2006,98126,47.5476055,-122.3714279
422,6025 LANHAM PL SW, ,1, ,High Point Phase I,X, ,36,X,2006,98126,47.5473102,-122.3736806
423,6026 31ST AVE SW, ,1, ,High Point Phase I,X, ,1,X,2006,98126,47.5475493,-122.3717664
424,6027 30TH AVE SW, ,1, ,High Point Phase I,X, ,1,X,2006,98126,47.54758899999999,-122.371446
425,6028 30TH AVE SW, ,1, ,High Point Phase I,X, ,1,X,2006,98126,47.5473162,-122.3706136
426,6028 31ST AVE SW, ,1, ,High Point Phase I,X, ,1,X,2006,98126,47.5475266,-122.3717911
427,6029 30TH AVE SW, ,1, ,High Point Phase I,X, ,1,X,2006,98126,47.547546,-122.371427
428,6030 30TH AVE SW, ,1, ,High Point Phase I,X, ,1,X,2006,98126,47.54730720000001,-122.3706476
429,6031 30TH AVE SW, ,1, ,High Point Phase I,X, ,1,X,2006,98126,47.547506,-122.371416
430,6031 31ST AVE SW, ,1, ,High Point Phase I,X, ,1,X,2006,98126,47.54780299999999,-122.372353
431,6032 31ST AVE SW, ,1, ,High Point Phase I,X, ,1,X,2006,98126,47.547421,-122.3717492
432,6032 LANHAM PL SW, ,1, ,High Point Phase I,X, ,1,X,2006,98126,47.547505,-122.372754
433,6033 30TH AVE SW, ,1, ,High Point Phase I,X, ,1,X,2006,98126,47.547462,-122.3714
434,6033 31ST AVE SW, ,1, ,High Point Phase I,X, ,1,X,2006,98126,47.54777989999999,-122.3723838
435,6034 30TH AVE SW, ,1, ,High Point Phase I,X, ,1,X,2006,98126,47.5471795,-122.3706063
436,6034 31ST AVE SW, ,1, ,High Point Phase I,X, ,1,X,2006,98126,47.54738769999999,-122.3717418
437,6034 LANHAM PL SW, ,1, ,High Point Phase I,X, ,1,X,2006,98126,47.547587,-122.373208
438,6035 30TH AVE SW, ,1, ,High Point Phase I,X, ,1,X,2006,98126,47.547421,-122.37139
439,6035 31ST AVE SW, ,1, ,High Point Phase I,X, ,1,X,2006,98126,47.54775129999999,-122.372652
440,6036 31ST AVE SW, ,1, ,High Point Phase I,X, ,1,X,2006,98126,47.547368,-122.3717637
441,6036 LANHAM PL SW, ,1, ,High Point Phase I,X, ,1,X,2006,98126,47.547645,-122.3729609
442,6037 31ST AVE SW, ,1, ,High Point Phase I,X, ,1,X,2006,98126,47.547737,-122.372626
443,6038 31ST AVE SW, ,1, ,High Point Phase I,X, ,1,X,2006,98126,47.547326,-122.3717147
444,6038 LANHAM PL SW, ,1, ,High Point Phase I,X, ,1,X,2006,98126,47.547605,-122.372953
445,6039 30TH AVE SW, ,1, ,High Point Phase I,X, ,1,X,2006,98126,47.5473586,-122.3709205
446,6039 31ST AVE SW, ,1, ,High Point Phase I,X, ,1,X,2006,98126,47.5477199,-122.372488
447,6040 LANHAM PL SW, ,1, ,High Point Phase I,X, ,1,X,2006,98126,47.547562,-122.372943
448,6041 30TH AVE SW, ,1, ,High Point Phase I,X, ,1,X,2006,98126,47.54746,-122.371138
449,6041 31ST AVE SW, ,1, ,High Point Phase I,X, ,1,X,2006,98126,47.547669,-122.372586
450,6042 LANHAM PL SW, ,1, ,High Point Phase I,X, ,1,X,2006,98126,47.547526,-122.3729211
451,6043 31ST AVE SW, ,1, ,High Point Phase I,X, ,1,X,2006,98126,47.547591,-122.372543
452,6044 LANHAM PL SW, ,1, ,High Point Phase I,X, ,1,X,2006,98126,47.5474895,-122.3729305
453,6045 31ST AVE SW, ,1, ,High Point Phase I,X, ,1,X,2006,98126,47.547546,-122.372527
454,6046 LANHAM PL SW, ,1, ,High Point Phase I,X, ,1,X,2006,98126,47.5474354,-122.3729425
455,6047 31ST AVE SW, ,1, ,High Point Phase I,X, ,1,X,2006,98126,47.54750199999999,-122.3725129
456,6048 LANHAM PL SW, ,1, ,High Point Phase I,X, ,1,X,2006,98126,47.547401,-122.372889
457,6049 31ST AVE SW, ,1, ,High Point Phase I,X, ,1,X,2006,98126,47.547464,-122.372495
458,6050 LANHAM PL SW, ,1, ,High Point Phase I,X, ,1,X,2006,98126,47.547354,-122.372884
459,6051 31ST AVE SW, ,1, ,High Point Phase I,X, ,1,X,2006,98126,47.547403,-122.372481
460,6052 LANHAM PL SW, ,1, ,High Point Phase I,X, ,1,X,2006,98126,47.5472285,-122.3734124
461,6053 31ST AVE SW, ,1, ,High Point Phase I,X, ,1,X,2006,98126,47.5473299,-122.3724639
462,6054 LANHAM PL SW, ,1, ,High Point Phase I,X, ,1,X,2006,98126,47.547209,-122.3727821
463,6055 31ST AVE SW, ,1, ,High Point Phase I,X, ,1,X,2006,98126,47.547312,-122.372452
464,6056 LANHAM PL SW, ,1, ,High Point Phase I,X, ,1,X,2006,98126,47.5472099,-122.3728223
465,6057 31ST AVE SW, ,1, ,High Point Phase I,X, ,1,X,2006,98126,47.5472812,-122.372433
466,6058 LANHAM PL SW, ,1, ,High Point Phase I,X, ,1,X,2006,98126,47.54729,-122.373096
467,6059 31ST AVE SW, ,1, ,High Point Phase I,X, ,1,X,2006,98126,47.547415,-122.372253
468,6060 LANHAM PL SW, ,1, ,High Point Phase I,X, ,1,X,2006,98126,47.547276,-122.3731729
469,6061 31ST AVE SW, ,1, ,High Point Phase I,X, ,1,X,2006,98126,47.547348,-122.372232
470,6070 LANHAM PL SW, ,1, ,High Point Phase I,X, ,1,X,2006,98126,47.5470659,-122.3729292
471,6071 31ST AVE SW, ,1, ,High Point Phase I,X, ,1,X,2006,98126,47.54716699999999,-122.3722
472,6071 LANHAM PL SW, ,1, ,High Point Phase I,X, ,1,X,2006,98126,47.5469453,-122.3735495
473,6073 LANHAM PL SW, ,1, ,High Point Phase I,X, ,1,X,2006,98126,47.5468064,-122.3734547
474,6300 29TH AVE SW, ,1, ,High Point Phase I,X, ,1,X,2006,98126,47.5469955,-122.3698142
475,6300 30TH AVE SW, ,1, ,High Point Phase I,X, ,1,X,2006,98126,47.54691099999999,-122.3705425
476,6301 29TH AVE SW, ,1, ,High Point Phase I,X, ,1,X,2006,98126,47.54696389999999,-122.3702394
477,6301 HIGH POINT DR SW, ,1, ,High Point Phase I,X, ,1,X,2006,98126,47.5472483,-122.369285
478,6304 29TH AVE SW, ,1, ,High Point Phase I,X, ,1,X,2006,98126,47.5468643,-122.369742
479,6304 30TH AVE SW, ,1, ,High Point Phase I,X, ,1,X,2006,98126,47.5468215,-122.3705211
480,6305 29TH AVE SW, ,1, ,High Point Phase I,X, ,1,X,2006,98126,47.5468962,-122.3701551
481,6306 29TH AVE SW, ,1, ,High Point Phase I,X, ,1,X,2006,98126,47.5468699,-122.3697413
482,6306 30TH AVE SW, ,1, ,High Point Phase I,X, ,1,X,2006,98126,47.5467764,-122.3705476
483,6307 29TH AVE SW, ,1, ,High Point Phase I,X, ,1,X,2006,98126,47.5468561,-122.3701227
484,6309 HIGH POINT DR SW, ,1, ,High Point Phase I,X, ,1,X,2006,98126,47.5471527,-122.3692024
485,6310 29TH AVE SW, ,1, ,High Point Phase I,X, ,1,X,2006,98126,47.5466783,-122.3696536
486,6310 30TH AVE SW, ,1, ,High Point Phase I,X, ,1,X,2006,98126,47.54665929999999,-122.3704514
487,6311 29TH AVE SW, ,1, ,High Point Phase I,X, ,1,X,2006,98126,47.5467186,-122.3700795
488,6311 HIGH POINT DR SW, ,1, ,High Point Phase I,X, ,1,X,2006,98126,47.54711349999999,-122.3692247
489,6312 29TH AVE SW, ,1, ,High Point Phase I,X, ,1,X,2006,98126,47.5466693,-122.3696682
490,6313 29TH AVE SW, ,1, ,High Point Phase I,X, ,1,X,2006,98126,47.5466968,-122.3700734
491,6313 30TH AVE SW, ,1, ,High Point Phase I,X, ,1,X,2006,98126,47.5464953,-122.3708746
492,6316 29TH AVE SW, ,1, ,High Point Phase I,X, ,1,X,2006,98126,47.5466017,-122.3696463
493,6317 30TH AVE SW, ,1, ,High Point Phase I,X, ,1,X,2006,98126,47.5465258,-122.3710802
494,6318 29TH AVE SW, ,1, ,High Point Phase I,X, ,1,X,2006,98126,47.546568,-122.3696351
495,6318 30TH AVE SW, ,1, ,High Point Phase I,X, ,1,X,2006,98126,47.5464622,-122.3704234
496,6319 29TH AVE SW, ,1, ,High Point Phase I,X, ,1,X,2006,98126,47.5464367,-122.3700127
497,6319 30TH AVE SW, ,1, ,High Point Phase I,X, ,1,X,2006,98126,47.5464717,-122.3710769
498,6319 HIGH POINT DR SW, ,1, ,High Point Phase I,X, ,1,X,2006,98126,47.54695900000001,-122.3691729
499,6321 29TH AVE SW, ,1, ,High Point Phase I,X, ,1,X,2006,98126,47.5463895,-122.3700267
500,6321 30TH AVE SW, ,1, ,High Point Phase I,X, ,1,X,2006,98126,47.5464506,-122.3710697
501,6321 HIGH POINT DR SW, ,1, ,High Point Phase I,X, ,1,X,2006,98126,47.5469229,-122.3691499
502,6322 29TH AVE SW, ,1, ,High Point Phase I,X, ,1,X,2006,98126,47.5465005,-122.3696127
503,6322 30TH AVE SW, ,1, ,High Point Phase I,X, ,1,X,2006,98126,47.5463482,-122.3703896
504,6323 30TH AVE SW, ,1, ,High Point Phase I,X, ,1,X,2006,98126,47.546366,-122.371037
505,6324 29TH AVE SW, ,1, ,High Point Phase I,X, ,1,X,2006,98126,47.5464667,-122.3696015
506,6324 30TH AVE SW, ,1, ,High Point Phase I,X, ,1,X,2006,98126,47.54631819999999,-122.3703558
507,6325 29TH AVE SW, ,1, ,High Point Phase I,X, ,1,X,2006,98126,47.5462837,-122.3700262
508,6325 30TH AVE SW, ,1, ,High Point Phase I,X, ,1,X,2006,98126,47.546324,-122.371018
509,6327 29TH AVE SW, ,1, ,High Point Phase I,X, ,1,X,2006,98126,47.5462737,-122.3699409
510,6327 30TH AVE SW, ,1, ,High Point Phase I,X, ,1,X,2006,98126,47.5463714,-122.3710362
511,6328 29TH AVE SW, ,1, ,High Point Phase I,X, ,1,X,2006,98126,47.5463992,-122.3695792
512,6328 30TH AVE SW, ,1, ,High Point Phase I,X, ,1,X,2006,98126,47.5461901,-122.3703033
513,6329 30TH AVE SW, ,1, ,High Point Phase I,X, ,1,X,2006,98126,47.5463068,-122.3710076
514,6329 HIGH POINT DR SW, ,1, ,High Point Phase I,X, ,1,X,2006,98126,47.546799,-122.3690878
515,6330 29TH AVE SW, ,1, ,High Point Phase I,X, ,1,X,2006,98126,47.5463675,-122.3695543
516,6330 30TH AVE SW, ,1, ,High Point Phase I,X, ,1,X,2006,98126,47.5461506,-122.3702414
517,6331 29TH AVE SW, ,1, ,High Point Phase I,X, ,1,X,2006,98126,47.5461092,-122.3699663
518,6331 30TH AVE SW, ,1, ,High Point Phase I,X, ,1,X,2006,98126,47.546185,-122.370946
519,6331 HIGH POINT DR SW, ,1, ,High Point Phase I,X, ,1,X,2006,98126,47.5467711,-122.3691085
520,6333 29TH AVE SW, ,1, ,High Point Phase I,X, ,1,X,2006,98126,47.5460821,-122.3699504
521,6333 30TH AVE SW, ,1, ,High Point Phase I,X, ,1,X,2006,98126,47.546136,-122.3709319
522,6334 30TH AVE SW, ,1, ,High Point Phase I,X, ,1,X,2006,98126,47.5460292,-122.3702536
523,6335 30TH AVE SW, ,1, ,High Point Phase I,X, ,1,X,2006,98126,47.546085,-122.370935
524,6337 29TH AVE SW, ,1, ,High Point Phase I,X, ,1,X,2006,98126,47.546001,-122.3699026
525,6337 30TH AVE SW, ,1, ,High Point Phase I,X, ,1,X,2006,98126,47.546179,-122.370774
526,6338 30TH AVE SW, ,1, ,High Point Phase I,X, ,1,X,2006,98126,47.5459556,-122.3702214
527,6339 30TH AVE SW, ,1, ,High Point Phase I,X, ,1,X,2006,98126,47.54620310000001,-122.3707526
528,6339 HIGH POINT DR SW, ,1, ,High Point Phase I,X, ,1,X,2006,98126,47.5465899,-122.3690948
529,6341 HIGH POINT DR SW, ,1, ,High Point Phase I,X, ,1,X,2006,98126,47.5465954,-122.3691035
530,6345 HIGH POINT DR SW, ,1, ,High Point Phase I,X, ,1,X,2006,98126,47.5463908,-122.3689727
531,3235 SW GRAHAM ST, ,1, ,High Point Phase I,X, ,1,X,2006,98126,47.54645379999999,-122.3743748
532,3237 SW GRAHAM ST, ,1, ,High Point Phase I,X, ,1,X,2006,98126,47.546466,-122.3744884
533,3239 SW GRAHAM ST, ,1, ,High Point Phase I,X, ,1,X,2006,98126,47.5464574,-122.3747359
534,6300 34TH AVE SW, ,1, ,High Point Phase I,X, ,1,X,2006,98126,47.5464522,-122.3748259
535,6533 30TH AVE SW, ,1, ,High Point Phase II,X, ,1,X,2009,98126,47.543714,-122.370298
536,6535 30TH AVE SW, ,1, ,High Point Phase II,X, ,1,X,2009,98126,47.543673,-122.370275
537,6537 30TH AVE SW, ,1, ,High Point Phase II,X, ,1,X,2009,98126,47.543632,-122.370251
538,6539 30TH AVE SW, ,1, ,High Point Phase II,X, ,1,X,2009,98126,47.5435696,-122.3702325
539,6548 SYLVAN WAY SW, ,1, ,High Point Phase II,X, ,1,X,2009,98126,47.5435762,-122.3706935
540,6550 SYLVAN WAY SW, ,1, ,High Point Phase II,X, ,1,X,2009,98126,47.5435568,-122.3706936
541,6555 HIGH POINT DR SW, ,1, ,High Point Phase II,X, ,1,X,2009,98126,47.5439903,-122.3683435
542,6556 SYLVAN WAY SW, ,1, ,High Point Phase II,X, ,1,X,2009,98126,47.5433916,-122.3705818
543,6557 HIGH POINT DR SW, ,1, ,High Point Phase II,X, ,1,X,2009,98126,47.5433225,-122.3701234
544,6558 SYLVAN WAY SW, ,1, ,High Point Phase II,X, ,1,X,2009,98126,47.5433028,-122.3707304
545,6559 HIGH POINT DR SW, ,1, ,High Point Phase II,X, ,1,X,2009,98126,47.5433651,-122.3701463
546,6562 SYLVAN WAY SW, ,1, ,High Point Phase II,X, ,1,X,2009,98126,47.5433088,-122.3705254
547,6564 SYLVAN WAY SW, ,1, ,High Point Phase II,X, ,1,X,2009,98126,47.5432834,-122.3705182
548,6568 SYLVAN WAY SW, ,1, ,High Point Phase II,X, ,1,X,2009,98126,47.543128,-122.3704686
549,6700 31ST AVE SW, ,1, ,High Point Phase II,X, ,1,X,2009,98126,47.5426948,-122.3720098
550,6704 31ST AVE SW, ,1, ,High Point Phase II,X, ,1,X,2009,98126,47.5425665,-122.3719762
551,6706 31ST AVE SW, ,1, ,High Point Phase II,X, ,1,X,2009,98126,47.5425672,-122.3720231
552,6710 31ST AVE SW, ,1, ,High Point Phase II,X, ,1,X,2009,98126,47.5424427,-122.372012
553,6720 31ST AVE SW, ,1, ,High Point Phase II,X, ,1,X,2009,98126,47.5421717,-122.3719737
554,6724 31ST AVE SW, ,1, ,High Point Phase II,X, ,1,X,2009,98126,47.5420336,-122.3720387
555,6726 31ST AVE SW, ,1, ,High Point Phase II,X, ,1,X,2009,98126,47.5420607,-122.3720415
556,6730 31ST AVE SW, ,1, ,High Point Phase II,X, ,1,X,2009,98126,47.54187,-122.371979
557,6732 31ST AVE SW, ,1, ,High Point Phase II,X, ,1,X,2009,98126,47.5418281,-122.37197
558,6738 31ST AVE SW, ,1, ,High Point Phase II,X, ,1,X,2009,98126,47.5416117,-122.3720203
559,6410 30TH AVE SW, ,1, ,High Point Phase II,X, ,1,X,2009,98107,47.5453854,-122.3699897
560,3075 SW MORGAN ST, ,1, ,High Point Phase II,X, ,1,X,2009,98126,47.5441185,-122.3709884
561,3214 SW GRAHAM ST, ,1, ,High Point Phase II,X, ,1,X,2009,98126,47.5467895,-122.3741195
562,3216 SW GRAHAM ST, ,1, ,High Point Phase II,X, ,1,X,2009,98126,47.5467787,-122.3741979
563,3218 SW GRAHAM ST, ,1, ,High Point Phase II,X, ,1,X,2009,98126,47.5467832,-122.3742921
564,6400 30TH AVE SW, ,1, ,High Point Phase II,X, ,1,X,2009,98126,47.5456394,-122.3700373
565,6401 29TH AVE SW, ,1, ,High Point Phase II,X, ,1,X,2009,98126,47.54569009999999,-122.3698034
566,6404 30TH AVE SW, ,1, ,High Point Phase II,X, ,1,X,2009,98126,47.5455207,-122.3700928
567,6405 29TH AVE SW, ,1, ,High Point Phase II,X, ,1,X,2009,98126,47.54558189999999,-122.3697398
568,6406 30TH AVE SW, ,1, ,High Point Phase II,X, ,1,X,2009,98126,47.5454819,-122.370068
569,6407 29TH AVE SW, ,1, ,High Point Phase II,X, ,1,X,2009,98126,47.5455347,-122.3697538
570,6411 29TH AVE SW, ,1, ,High Point Phase II,X, ,1,X,2009,98126,47.54541,-122.369654
571,6413 29TH AVE SW, ,1, ,High Point Phase II,X, ,1,X,2009,98126,47.5453901,-122.3697415
572,6414 30TH AVE SW, ,1, ,High Point Phase II,X, ,1,X,2009,98126,47.5452799,-122.369975
573,6416 30TH AVE SW, ,1, ,High Point Phase II,X, ,1,X,2009,98126,47.5452349,-122.3698906
574,6417 29TH AVE SW, ,1, ,High Point Phase II,X, ,1,X,2009,98126,47.5452804,-122.3696179
575,6419 29TH AVE SW, ,1, ,High Point Phase II,X, ,1,X,2009,98126,47.5452601,-122.3696991
576,6420 29TH AVE SW, ,1, ,High Point Phase II,X, ,1,X,2009,98126,47.54538789999999,-122.3692706
577,6420 30TH AVE SW, ,1, ,High Point Phase II,X, ,1,X,2009,98126,47.54512039999999,-122.3699488
578,6420 31ST AVE SW, ,1, ,High Point Phase II,X, ,1,X,2009,98126,47.545212,-122.3710469
579,6421 30TH AVE SW, ,1, ,High Point Phase II,X, ,1,X,2009,98126,47.545193,-122.37043
580,6421 HIGH POINT DR SW, ,1, ,High Point Phase II,X, ,1,X,2009,98126,47.5455547,-122.3687421
581,6422 29TH AVE SW, ,1, ,High Point Phase II,X, ,1,X,2009,98126,47.5454222,-122.3692136
582,6422 30TH AVE SW, ,1, ,High Point Phase II,X, ,1,X,2009,98126,47.5450867,-122.3699423
583,6422 31ST AVE SW, ,1, ,High Point Phase II,X, ,1,X,2009,98126,47.5451584,-122.3710127
584,6423 29TH AVE SW, ,1, ,High Point Phase II,X, ,1,X,2009,98126,47.5451157,-122.3695909
585,6423 30TH AVE SW, ,1, ,High Point Phase II,X, ,1,X,2009,98126,47.5452269,-122.3705131
586,6423 HIGH POINT DR SW, ,1, ,High Point Phase II,X, ,1,X,2009,98126,47.545504,-122.368659
587,6424 31ST AVE SW, ,1, ,High Point Phase II,X, ,1,X,2009,98126,47.5451038,-122.3709833
588,6425 HIGH POINT DR SW, ,1, ,High Point Phase II,X, ,1,X,2009,98126,47.5455124,-122.3687068
589,6426 29TH AVE SW, ,1, ,High Point Phase II,X, ,1,X,2009,98126,47.5454702,-122.3690239
590,6426 30TH AVE SW, ,1, ,High Point Phase II,X, ,1,X,2009,98126,47.544965,-122.369899
591,6427 29TH AVE SW, ,1, ,High Point Phase II,X, ,1,X,2009,98126,47.5450088,-122.3695177
592,6427 30TH AVE SW, ,1, ,High Point Phase II,X, ,1,X,2009,98126,47.5452074,-122.3706891
593,6427 HIGH POINT DR SW, ,1, ,High Point Phase II,X, ,1,X,2009,98126,47.545416,-122.3686396
594,6428 29TH AVE SW, ,1, ,High Point Phase II,X, ,1,X,2009,98126,47.5454273,-122.36901
595,6428 30TH AVE SW, ,1, ,High Point Phase II,X, ,1,X,2009,98126,47.5449379,-122.3698831
596,6428 31ST AVE SW, ,1, ,High Point Phase II,X, ,1,X,2009,98126,47.5450379,-122.370955
597,6429 29TH AVE SW, ,1, ,High Point Phase II,X, ,1,X,2009,98126,47.5449603,-122.3695411
598,6429 30TH AVE SW, ,1, ,High Point Phase II,X, ,1,X,2009,98126,47.545174,-122.370701
599,6430 29TH AVE SW, ,1, ,High Point Phase II,X, ,1,X,2009,98126,47.5453845,-122.3689961
600,6430 31ST AVE SW, ,1, ,High Point Phase II,X, ,1,X,2009,98126,47.5449789,-122.3709725
601,6431 30TH AVE SW, ,1, ,High Point Phase II,X, ,1,X,2009,98126,47.5451297,-122.3706643
602,6431 HIGH POINT DR SW, ,1, ,High Point Phase II,X, ,1,X,2009,98126,47.54529110000001,-122.3686288
603,6432 29TH AVE SW, ,1, ,High Point Phase II,X, ,1,X,2009,98126,47.545343,-122.3689726
604,6432 30TH AVE SW, ,1, ,High Point Phase II,X, ,1,X,2009,98126,47.5448008,-122.3698419
605,6432 31ST AVE SW, ,1, ,High Point Phase II,X, ,1,X,2009,98126,47.5449535,-122.3709423
606,6433 29TH AVE SW, ,1, ,High Point Phase II,X, ,1,X,2009,98126,47.5447882,-122.3695445
607,6433 30TH AVE SW, ,1, ,High Point Phase II,X, ,1,X,2009,98126,47.5450908,-122.3706519
608,6433 HIGH POINT DR SW, ,1, ,High Point Phase II,X, ,1,X,2009,98126,47.5452606,-122.36859
609,6434 29TH AVE SW, ,1, ,High Point Phase II,X, ,1,X,2009,98126,47.5453041,-122.3689602
610,6434 30TH AVE SW, ,1, ,High Point Phase II,X, ,1,X,2009,98126,47.544752,-122.3697947
611,6435 29TH AVE SW, ,1, ,High Point Phase II,X, ,1,X,2009,98126,47.5447411,-122.3695585
612,6435 30TH AVE SW, ,1, ,High Point Phase II,X, ,1,X,2009,98126,47.545052,-122.3706396
613,6436 29TH AVE SW, ,1, ,High Point Phase II,X, ,1,X,2009,98126,47.5452687,-122.3689707
614,6436 31ST AVE SW, ,1, ,High Point Phase II,X, ,1,X,2009,98126,47.5448707,-122.3709088
615,6437 30TH AVE SW, ,1, ,High Point Phase II,X, ,1,X,2009,98126,47.5450013,-122.3706306
616,6437 HIGH POINT DR SW, ,1, ,High Point Phase II,X, ,1,X,2009,98126,47.54518640000001,-122.3685881
617,6438 29TH AVE SW, ,1, ,High Point Phase II,X, ,1,X,2009,98126,47.5452028,-122.3689424
618,6438 30TH AVE SW, ,1, ,High Point Phase II,X, ,1,X,2009,98126,47.5446454,-122.3697899
619,6438 31ST AVE SW, ,1, ,High Point Phase II,X, ,1,X,2009,98126,47.54481939999999,-122.3709035
620,6439 29TH AVE SW, ,1, ,High Point Phase II,X, ,1,X,2009,98126,47.5446613,-122.3694385
621,6439 30TH AVE SW, ,1, ,High Point Phase II,X, ,1,X,2009,98126,47.54496,-122.370631
622,6439 HIGH POINT DR SW, ,1, ,High Point Phase II,X, ,1,X,2009,98126,47.5451357,-122.3685792
623,6440 29TH AVE SW, ,1, ,High Point Phase II,X, ,1,X,2009,98126,47.5451703,-122.3689264
624,6440 30TH AVE SW, ,1, ,High Point Phase II,X, ,1,X,2009,98126,47.5446271,-122.3697839
625,6440 31ST AVE SW, ,1, ,High Point Phase II,X, ,1,X,2009,98126,47.5448027,-122.3708905
626,6441 30TH AVE SW, ,1, ,High Point Phase II,X, ,1,X,2009,98126,47.5449202,-122.3705828
627,6441 HIGH POINT DR SW, ,1, ,High Point Phase II,X, ,1,X,2009,98126,47.54508509999999,-122.3685703
628,6442 29TH AVE SW, ,1, ,High Point Phase II,X, ,1,X,2009,98126,47.5451274,-122.3689124
629,6442 31ST AVE SW, ,1, ,High Point Phase II,X, ,1,X,2009,98126,47.5447694,-122.370891
630,6443 30TH AVE SW, ,1, ,High Point Phase II,X, ,1,X,2009,98126,47.544873,-122.3705969
631,6444 29TH AVE SW, ,1, ,High Point Phase II,X, ,1,X,2009,98126,47.5450863,-122.3689052
632,6445 30TH AVE SW, ,1, ,High Point Phase II,X, ,1,X,2009,98126,47.5448341,-122.3705845
633,6448 29TH AVE SW, ,1, ,High Point Phase II,X, ,1,X,2009,98126,47.54506079999999,-122.369096
634,6449 30TH AVE SW, ,1, ,High Point Phase II,X, ,1,X,2009,98126,47.5448822,-122.3703307
635,6450 29TH AVE SW, ,1, ,High Point Phase II,X, ,1,X,2009,98126,47.54507710000001,-122.3691713
636,6451 30TH AVE SW, ,1, ,High Point Phase II,X, ,1,X,2009,98126,47.5448479,-122.3704862
637,6500 30TH AVE SW, ,1, ,High Point Phase II,X, ,1,X,2009,98126,47.5443468,-122.3697234
638,6504 30TH AVE SW, ,1, ,High Point Phase II,X, ,1,X,2009,98126,47.5442657,-122.3696757
639,6510 30TH AVE SW, ,1, ,High Point Phase II,X, ,1,X,2009,98126,47.5441576,-122.3696268
640,6512 30TH AVE SW, ,1, ,High Point Phase II,X, ,1,X,2009,98126,47.5441209,-122.3696247
641,6515 30TH AVE SW, ,1, ,High Point Phase II,X, ,1,X,2009,98126,47.5439331,-122.3700858
642,6516 30TH AVE SW, ,1, ,High Point Phase II,X, ,1,X,2009,98126,47.5439833,-122.369572
643,6517 30TH AVE SW, ,1, ,High Point Phase II,X, ,1,X,2009,98126,47.543942,-122.370078
644,6518 30TH AVE SW, ,1, ,High Point Phase II,X, ,1,X,2009,98126,47.543975,-122.3695464
645,6519 30TH AVE SW, ,1, ,High Point Phase II,X, ,1,X,2009,98126,47.543937,-122.370159
646,6522 30TH AVE SW, ,1, ,High Point Phase II,X, ,1,X,2009,98126,47.5438526,-122.3695305
647,6523 30TH AVE SW, ,1, ,High Point Phase II,X, ,1,X,2009,98126,47.543878,-122.3703911
648,6524 30TH AVE SW, ,1, ,High Point Phase II,X, ,1,X,2009,98126,47.5438171,-122.3695069
649,6525 30TH AVE SW, ,1, ,High Point Phase II,X, ,1,X,2009,98126,47.543837,-122.370367
650,6527 30TH AVE SW, ,1, ,High Point Phase II,X, ,1,X,2009,98126,47.54379600000001,-122.370344
651,6528 30TH AVE SW, ,1, ,High Point Phase II,X, ,1,X,2009,98126,47.54366419999999,-122.3694473
652,6529 30TH AVE SW, ,1, ,High Point Phase II,X, ,1,X,2009,98126,47.543811,-122.3702811
653,6530 30TH AVE SW, ,1, ,High Point Phase II,X, ,1,X,2009,98126,47.543651,-122.369449
654,6530 SYLVAN WAY SW, ,1, ,High Point Phase II,X, ,1,X,2009,98126,47.54413,-122.370998
655,6534 30TH AVE SW, ,1, ,High Point Phase II,X, ,1,X,2009,98126,47.5435123,-122.3694207
656,6536 SYLVAN WAY SW, ,1, ,High Point Phase II,X, ,1,X,2009,98126,47.5439241,-122.370861
657,6538 SYLVAN WAY SW, ,1, ,High Point Phase II,X, ,1,X,2009,98126,47.5438814,-122.3708467
658,6542 SYLVAN WAY SW, ,1, ,High Point Phase II,X, ,1,X,2009,98126,47.5437015,-122.3707635
659,6543 30TH AVE SW, ,1, ,High Point Phase II,X, ,1,X,2009,98126,47.5435644,-122.3699255
660,6544 SYLVAN WAY SW, ,1, ,High Point Phase II,X, ,1,X,2009,98126,47.5437113,-122.3707794
661,6545 30TH AVE SW, ,1, ,High Point Phase II,X, ,1,X,2009,98126,47.5435613,-122.3699089
662,6551 HIGH POINT DR SW, ,1, ,High Point Phase II,X, ,1,X,2009,98126,47.5433352,-122.3698496
663,6553 HIGH POINT DR SW, ,1, ,High Point Phase II,X, ,1,X,2009,98126,47.5433892,-122.3699122
664,6521 32ND AVE SW, ,1, ,High Point Phase II,X, ,1,X,2009,98126,47.5441915,-122.3739268
665,6527 32ND AVE SW, ,1, ,High Point Phase II,X, ,1,X,2009,98126,47.5441195,-122.3739569
666,3101 SW HOLLY ST, ,1, ,High Point Phase II,X, ,1,X,2009,98126,47.542634,-122.372556
667,3103 SW HOLLY ST, ,1, ,High Point Phase II,X, ,1,X,2009,98126,47.5426661,-122.3724734
668,3107 SW HOLLY ST, ,1, ,High Point Phase II,X, ,1,X,2009,98126,47.542635,-122.372621
669,3109 SW HOLLY ST, ,1, ,High Point Phase II,X, ,1,X,2009,98126,47.542635,-122.372686
670,3111 SW HOLLY ST, ,1, ,High Point Phase II,X, ,1,X,2009,98126,47.542631,-122.3727511
671,3115 SW HOLLY ST, ,1, ,High Point Phase II,X, ,1,X,2009,98126,47.5426758,-122.3728713
672,3117 SW HOLLY ST, ,1, ,High Point Phase II,X, ,1,X,2009,98126,47.5426599,-122.3729413
673,3119 SW HOLLY ST, ,1, ,High Point Phase II,X, ,1,X,2009,98126,47.5426795,-122.372993
674,3120 SW HOLLY ST, ,1, ,High Point Phase II,X, ,1,X,2009,98126,47.54293089999999,-122.3726611
675,3122 SW HOLLY ST, ,1, ,High Point Phase II,X, ,1,X,2009,98126,47.5429317,-122.37274
676,3125 SW HOLLY ST, ,1, ,High Point Phase II,X, ,1,X,2009,98126,47.5426266,-122.3734277
677,3126 SW HOLLY ST, ,1, ,High Point Phase II,X, ,1,X,2009,98126,47.5429325,-122.3728186
678,3127 SW HOLLY ST, ,1, ,High Point Phase II,X, ,1,X,2009,98126,47.5425828,-122.3734286
679,3128 SW HOLLY ST, ,1, ,High Point Phase II,X, ,1,X,2009,98126,47.5429333,-122.3728974
680,3129 SW HOLLY ST, ,1, ,High Point Phase II,X, ,1,X,2009,98126,47.542539,-122.3734296
681,3131 SW HOLLY ST, ,1, ,High Point Phase II,X, ,1,X,2009,98126,47.5424952,-122.3734306
682,3132 SW HOLLY ST, ,1, ,High Point Phase II,X, ,1,X,2009,98126,47.5429801,-122.3730028
683,3135 SW HOLLY ST, ,1, ,High Point Phase II,X, ,1,X,2009,98126,47.5424077,-122.3734324
684,3136 SW HOLLY ST, ,1, ,High Point Phase II,X, ,1,X,2009,98126,47.5430049,-122.3733306
685,3137 SW HOLLY ST, ,1, ,High Point Phase II,X, ,1,X,2009,98126,47.5423653,-122.3734395
686,3139 SW HOLLY ST, ,1, ,High Point Phase II,X, ,1,X,2009,98126,47.5423216,-122.3734295
687,3143 SW HOLLY ST, ,1, ,High Point Phase II,X, ,1,X,2009,98126,47.54223289999999,-122.3734365
688,3145 SW HOLLY ST, ,1, ,High Point Phase II,X, ,1,X,2009,98126,47.5421855,-122.3734378
689,6501 SYLVAN WAY SW, ,1, ,High Point Phase II,X, ,1,X,2009,98126,47.5444093,-122.3724083
690,6503 SYLVAN WAY SW, ,1, ,High Point Phase II,X, ,1,X,2009,98126,47.5443755,-122.3722701
691,6505 SYLVAN WAY SW, ,1, ,High Point Phase II,X, ,1,X,2009,98126,47.5443575,-122.3721946
692,6507 SYLVAN WAY SW, ,1, ,High Point Phase II,X, ,1,X,2009,98126,47.5443964,-122.3722164
693,6511 SYLVAN WAY SW, ,1, ,High Point Phase II,X, ,1,X,2009,98126,47.544268,-122.372012
694,6513 SYLVAN WAY SW, ,1, ,High Point Phase II,X, ,1,X,2009,98126,47.544326,-122.3720377
695,6515 SYLVAN WAY SW, ,1, ,High Point Phase II,X, ,1,X,2009,98126,47.544286,-122.371984
696,6518 32ND AVE SW, ,1, ,High Point Phase II,X, ,1,X,2009,98126,47.5442379,-122.3735928
697,6520 32ND AVE SW, ,1, ,High Point Phase II,X, ,1,X,2009,98126,47.5442369,-122.3735088
698,6521 SYLVAN WAY SW, ,1, ,High Point Phase II,X, ,1,X,2009,98126,47.544125,-122.371784
699,6523 32ND AVE SW, ,1, ,High Point Phase II,X, ,1,X,2009,98126,47.5441925,-122.3740127
700,6523 SYLVAN WAY SW, ,1, ,High Point Phase II,X, ,1,X,2009,98126,47.54416790000001,-122.371726
701,6524 32ND AVE SW, ,1, ,High Point Phase II,X, ,1,X,2009,98126,47.544283,-122.37327
702,6525 32ND AVE SW, ,1, ,High Point Phase II,X, ,1,X,2009,98126,47.544176,-122.374087
703,6526 32ND AVE SW, ,1, ,High Point Phase II,X, ,1,X,2009,98126,47.54422,-122.3732561
704,6527 SYLVAN WAY SW, ,1, ,High Point Phase II,X, ,1,X,2009,98126,47.543948,-122.3716129
705,6528 32ND AVE SW, ,1, ,High Point Phase II,X, ,1,X,2009,98126,47.544177,-122.373257
706,6529 32ND AVE SW, ,1, ,High Point Phase II,X, ,1,X,2009,98126,47.54397789999999,-122.3741432
707,6529 SYLVAN WAY SW, ,1, ,High Point Phase II,X, ,1,X,2009,98126,47.544113,-122.3716951
708,6531 32ND AVE SW, ,1, ,High Point Phase II,X, ,1,X,2009,98126,47.54382030000001,-122.3740366
709,6531 SYLVAN WAY SW, ,1, ,High Point Phase II,X, ,1,X,2009,98126,47.54413049999999,-122.3716228
710,6532 32ND AVE SW, ,1, ,High Point Phase II,X, ,1,X,2009,98126,47.5443592,-122.3737552
711,6533 32ND AVE SW, ,1, ,High Point Phase II,X, ,1,X,2009,98126,47.5439,-122.374093
712,6534 32ND AVE SW, ,1, ,High Point Phase II,X, ,1,X,2009,98126,47.54400099999999,-122.37326
713,6535 31ST AVE SW, ,1, ,High Point Phase II,X, ,1,X,2009,98126,47.543679,-122.3726516
714,6535 32ND AVE SW, ,1, ,High Point Phase II,X, ,1,X,2009,98126,47.543901,-122.374158
715,6535 SYLVAN WAY SW, ,1, ,High Point Phase II,X, ,1,X,2009,98126,47.5439904,-122.3715623
716,6536 32ND AVE SW, ,1, ,High Point Phase II,X, ,1,X,2009,98126,47.5440449,-122.3732601
717,6537 32ND AVE SW, ,1, ,High Point Phase II,X, ,1,X,2009,98126,47.543901,-122.374223
718,6537 SYLVAN WAY SW, ,1, ,High Point Phase II,X, ,1,X,2009,98126,47.5439426,-122.371526
719,6538 32ND AVE SW, ,1, ,High Point Phase II,X, ,1,X,2009,98126,47.544089,-122.373259
720,6539 31ST AVE SW, ,1, ,High Point Phase II,X, ,1,X,2009,98126,47.5442926,-122.3727186
721,6539 32ND AVE SW, ,1, ,High Point Phase II,X, ,1,X,2009,98126,47.543613,-122.374164
722,6539 SYLVAN WAY SW, ,1, ,High Point Phase II,X, ,1,X,2009,98126,47.54388300000001,-122.3714783
723,6541 32ND AVE SW, ,1, ,High Point Phase II,X, ,1,X,2009,98126,47.5438149,-122.3740893
724,6541 SYLVAN WAY SW, ,1, ,High Point Phase II,X, ,1,X,2009,98126,47.5438022,-122.3714334
725,6542 32ND AVE SW, ,1, ,High Point Phase II,X, ,1,X,2009,98126,47.544007,-122.3735486
726,6543 32ND AVE SW, ,1, ,High Point Phase II,X, ,1,X,2009,98126,47.543612,-122.374099
727,6543 SYLVAN WAY SW, ,1, ,High Point Phase II,X, ,1,X,2009,98126,47.543913,-122.371506
728,6544 32ND AVE SW, ,1, ,High Point Phase II,X, ,1,X,2009,98126,47.5438267,-122.3732625
729,6545 31ST AVE SW, ,1, ,High Point Phase II,X, ,1,X,2009,98126,47.5434908,-122.3725795
730,6545 32ND AVE SW, ,1, ,High Point Phase II,X, ,1,X,2009,98126,47.543731,-122.3740922
731,6545 SYLVAN WAY SW, ,1, ,High Point Phase II,X, ,1,X,2009,98126,47.54388400000001,-122.371494
732,6546 32ND AVE SW, ,1, ,High Point Phase II,X, ,1,X,2009,98126,47.543823,-122.3732793
733,6547 31ST AVE SW, ,1, ,High Point Phase II,X, ,1,X,2009,98126,47.5434714,-122.3726609
734,6547 32ND AVE SW, ,1, ,High Point Phase II,X, ,1,X,2009,98126,47.5436296,-122.3739485
735,6547 SYLVAN WAY SW, ,1, ,High Point Phase II,X, ,1,X,2009,98126,47.543814,-122.3715394
736,6549 31ST AVE SW, ,1, ,High Point Phase II,X, ,1,X,2009,98126,47.5434653,-122.3726588
737,6549 32ND AVE SW, ,1, ,High Point Phase II,X, ,1,X,2009,98126,47.5436464,-122.3739941
738,6549 SYLVAN WAY SW, ,1, ,High Point Phase II,X, ,1,X,2009,98126,47.54377299999999,-122.3715162
739,6550 32ND AVE SW, ,1, ,High Point Phase II,X, ,1,X,2009,98126,47.5438336,-122.3735259
740,6551 31ST AVE SW, ,1, ,High Point Phase II,X, ,1,X,2009,98126,47.5434592,-122.3726567
741,6551 32ND AVE SW, ,1, ,High Point Phase II,X, ,1,X,2009,98126,47.5435903,-122.3739799
742,6551 SYLVAN WAY SW, ,1, ,High Point Phase II,X, ,1,X,2009,98126,47.5437284,-122.3713897
743,6552 32ND AVE SW, ,1, ,High Point Phase II,X, ,1,X,2009,98126,47.5438231,-122.3735309
744,6553 32ND AVE SW, ,1, ,High Point Phase II,X, ,1,X,2009,98126,47.543594,-122.3739995
745,6553 SYLVAN WAY SW, ,1, ,High Point Phase II,X, ,1,X,2009,98126,47.54364750000001,-122.3713541
746,6554 32ND AVE SW, ,1, ,High Point Phase II,X, ,1,X,2009,98126,47.5436841,-122.3737772
747,6555 31ST AVE SW, ,1, ,High Point Phase II,X, ,1,X,2009,98126,47.5434469,-122.3726524
748,6555 32ND AVE SW, ,1, ,High Point Phase II,X, ,1,X,2009,98126,47.54340800000001,-122.3739666
749,6555 SYLVAN WAY SW, ,1, ,High Point Phase II,X, ,1,X,2009,98126,47.5436103,-122.3713123
750,6556 32ND AVE SW, ,1, ,High Point Phase II,X, ,1,X,2009,98126,47.5435841,-122.3734939
751,6557 31ST AVE SW, ,1, ,High Point Phase II,X, ,1,X,2009,98126,47.5434408,-122.3726503
752,6557 32ND AVE SW, ,1, ,High Point Phase II,X, ,1,X,2009,98126,47.54342279999999,-122.3740096
753,6557 SYLVAN WAY SW, ,1, ,High Point Phase II,X, ,1,X,2009,98126,47.5435319,-122.3712726
754,6558 32ND AVE SW, ,1, ,High Point Phase II,X, ,1,X,2009,98126,47.5435285,-122.3735698
755,6559 31ST AVE SW, ,1, ,High Point Phase II,X, ,1,X,2009,98126,47.5434346,-122.3726481
756,6559 32ND AVE SW, ,1, ,High Point Phase II,X, ,1,X,2009,98126,47.5433953,-122.3740076
757,6559 SYLVAN WAY SW, ,1, ,High Point Phase II,X, ,1,X,2009,98126,47.5434403,-122.3712385
758,6561 31ST AVE SW, ,1, ,High Point Phase II,X, ,1,X,2009,98126,47.5434285,-122.372646
759,6561 32ND AVE SW, ,1, ,High Point Phase II,X, ,1,X,2009,98126,47.5432851,-122.3740092
760,6561 SYLVAN WAY SW, ,1, ,High Point Phase II,X, ,1,X,2009,98126,47.543597,-122.371319
761,6562 32ND AVE SW, ,1, ,High Point Phase II,X, ,1,X,2009,98126,47.5434174,-122.3736083
762,6563 32ND AVE SW, ,1, ,High Point Phase II,X, ,1,X,2009,98126,47.5432452,-122.3740255
763,6563 SYLVAN WAY SW, ,1, ,High Point Phase II,X, ,1,X,2009,98126,47.543349,-122.3712575
764,6564 32ND AVE SW, ,1, ,High Point Phase II,X, ,1,X,2009,98126,47.5433775,-122.373618
765,6565 32ND AVE SW, ,1, ,High Point Phase II,X, ,1,X,2009,98126,47.5432615,-122.3739777
766,6565 SYLVAN WAY SW, ,1, ,High Point Phase II,X, ,1,X,2009,98126,47.543522,-122.371289
767,6567 SYLVAN WAY SW, ,1, ,High Point Phase II,X, ,1,X,2009,98126,47.543447,-122.371264
768,6568 32ND AVE SW, ,1, ,High Point Phase II,X, ,1,X,2009,98126,47.5433037,-122.3735515
769,6569 SYLVAN WAY SW, ,1, ,High Point Phase II,X, ,1,X,2009,98126,47.5433745,-122.3712946
770,6570 32ND AVE SW, ,1, ,High Point Phase II,X, ,1,X,2009,98126,47.5432824,-122.3735408
771,6571 SYLVAN WAY SW, ,1, ,High Point Phase II,X, ,1,X,2009,98126,47.543276,-122.3711879
772,6572 32ND AVE SW, ,1, ,High Point Phase II,X, ,1,X,2009,98126,47.5432466,-122.3736251
773,6573 SYLVAN WAY SW, ,1, ,High Point Phase II,X, ,1,X,2009,98126,47.54323309999999,-122.3711632
774,6574 32ND AVE SW, ,1, ,High Point Phase II,X, ,1,X,2009,98126,47.5432293,-122.3735515
775,6575 SYLVAN WAY SW, ,1, ,High Point Phase II,X, ,1,X,2009,98126,47.5433148,-122.3712932
776,6577 SYLVAN WAY SW, ,1, ,High Point Phase II,X, ,1,X,2009,98126,47.5432717,-122.3712805
777,6578 32ND AVE SW, ,1, ,High Point Phase II,X, ,1,X,2009,98126,47.5430889,-122.3736314
778,6579 SYLVAN WAY SW, ,1, ,High Point Phase II,X, ,1,X,2009,98126,47.543246,-122.3712011
779,6580 32ND AVE SW, ,1, ,High Point Phase II,X, ,1,X,2009,98126,47.5430819,-122.3735698
780,6581 SYLVAN WAY SW, ,1, ,High Point Phase II,X, ,1,X,2009,98126,47.543217,-122.3711911
781,6582 32ND AVE SW, ,1, ,High Point Phase II,X, ,1,X,2009,98126,47.5430115,-122.3735504
782,6584 32ND AVE SW, ,1, ,High Point Phase II,X, ,1,X,2009,98126,47.5430679,-122.3735036
783,6701 31ST AVE SW, ,1, ,High Point Phase II,X, ,1,X,2009,98126,47.5424179,-122.3725052
784,6703 31ST AVE SW, ,1, ,High Point Phase II,X, ,1,X,2009,98126,47.5424269,-122.37252
785,6705 31ST AVE SW, ,1, ,High Point Phase II,X, ,1,X,2009,98126,47.5424167,-122.3726277
786,6707 31ST AVE SW, ,1, ,High Point Phase II,X, ,1,X,2009,98126,47.54241709999999,-122.3727127
787,6711 31ST AVE SW, ,1, ,High Point Phase II,X, ,1,X,2009,98126,47.5423664,-122.3729688
788,6713 31ST AVE SW, ,1, ,High Point Phase II,X, ,1,X,2009,98126,47.5423227,-122.3729696
789,6717 31ST AVE SW, ,1, ,High Point Phase II,X, ,1,X,2009,98126,47.54223529999999,-122.3729716
790,6719 31ST AVE SW, ,1, ,High Point Phase II,X, ,1,X,2009,98126,47.5421852,-122.3729729
791,2600 SW HOLDEN ST,X,1, ,Highline Village, , ,24, ,2005,98126,47.5348759,-122.3667364
792,424 S MAIN ST,X,2, ,Hirabayashi Place, , ,95,X,2016,98104,47.6003017,-122.328633
793,4408 DELRIDGE WAY SW,X,1, ,Historic Cooper School, , ,36,X,2005,98106,47.5636986,-122.3629751
794,1213 SW HOLDEN ST,X,1, ,Holden Manor, , ,10, ,2002,98106,47.533967,-122.3514169
795,1212 SW HOLDEN ST, ,1, ,Holden Vista Apartments, ,X,16, ,1994,98106,47.5344839,-122.3514051
796,1814 12TH AVE S,X,2, ,Holgate 12, , ,5, ,2015,98144,47.5865204,-122.3170126
797,1001 E JOHN ST,X,3, ,Holiday Apartments, , ,29,X,2010,98102,47.6197711,-122.3192272
798,3824 SW MYRTLE ST, ,1, ,Holly Court,X, ,37, ,1980,98126,47.5398599,-122.3814952
799,3728 S MYRTLE ST, ,2, ,Holly Court,X, ,29, ,1980,98118,47.5391547,-122.2846046
800,6922 38TH AVE S, ,2, ,Holly Court,X, ,31, ,1980,98118,47.5405467,-122.284505
801,111 CEDAR ST,X,7, ,Humphrey House, , ,81,X,2010,98121,47.6159449,-122.3501127
802,400 S JACKSON ST,X,2, ,Icon, , ,24, ,2016,98104,47.59947469999999,-122.3283954
803,4119 12TH AVE NE,X,4, ,"Identity, Building I", , ,21, ,2014,98105,47.657477,-122.3158451
804,4106 12TH AVE NE,X,4, ,"Identity, Building II", , ,20, ,2014,98105,47.6571071,-122.3152592
805,1305 E MERCER ST,X,3, ,Ilaria, , ,12, ,2014,98112,47.6241241,-122.3153547
806,160 20TH AVE, ,3, ,Imani Village (was First Place Housing Project), ,X,16, ,2011,98122,47.6030255,-122.3059569
807,817 NE 64TH ST,X,4, ,Innovative Living @ Roosevelt, , ,4, ,2014,98115,47.6748278,-122.3192617
808,2208 15TH AVE W,X,7, ,Interbay Place, , ,97,X,2015,98119,47.639029,-122.3757722
809,607 MAYNARD AVE S,X,2,X,International House, , ,98,X,1999,98104,47.5973688,-122.3253154
810,202 6TH AVE S, ,2, ,International Terrace,X, ,100,X,1972,98104,47.6002778,-122.3260028
811,14002 LINDEN AVE N, ,5, ,Interurban Senior Living, , ,175,X,2013,98133,47.7307729,-122.3470388
812,5825 16TH AVE NE,X,4, ,Isis House, , ,10, ,1999,98105,47.6718781,-122.3112079
813,3033 CALIFORNIA AVE SW, ,1, ,Island View,X, ,48, ,1984,98116,47.5760227,-122.3871095
814,664 S JACKSON ST,X,2,X,Jackson Apts, , ,17, ,1987,98104,47.5994362,-122.3243994
815,14396 30TH AVE NE, ,5, ,Jackson Park House,X, ,71,X,1970,98125,47.7336272,-122.2963299
816,101 NW 85TH ST,X,6, ,Janus, , ,21, ,2016,98117,47.690301,-122.358026
817,500 12TH AVE,X,3, ,Jefferson, , ,39,X,2012,98122,47.598178,-122.3168913
818,800 JEFFERSON ST, ,3, ,Jefferson Terrace,X, ,299, ,1967,98104,47.604745,-122.3253512
819,601 EASTLAKE AVE E,X,7, ,Jensen Block, , ,30,X,1994,98109,47.624538,-122.329542
820,3333 GALE PL S,X,2, ,Joe Black Apartments, , ,24, ,1987,98144,47.5730131,-122.2921538
821,2911 1ST AVE,X,7, ,John Carney, , ,27, ,1992,98121,47.616977,-122.353211
822,13340 3RD AVE NE,X,5, ,Jordan House, , ,8, ,1995,98125,47.726156,-122.3256576
823,2708 ELLIOTT AVE,X,7, ,Joseph Arnold Lofts, , ,27, ,2013,98121,47.614885,-122.352464
824,1902 2ND AVE,X,7, ,Josephinum, , ,192,X,1992,98101,47.6113716,-122.3404463
825,523 BROADWAY E,X,3, ,Joule Apts, , ,59, ,2010,98102,47.6238082,-122.3211989
826,620 18TH AVE E,X,3, ,Jubilee House, , ,27, ,2008,98112,47.6250851,-122.3083347
827,1133 23RD AVE S,X,3, ,Judkins Park Apartments, , ,16,X,2004,98144,47.5920504,-122.3029445
828,1922 9TH AVE,X,7, ,Julie Apartments, , ,47,X,2001,98101,47.6162876,-122.3351381
829,4700 CALIFORNIA AVE SW,X,1, ,Junction 47, , ,42, ,2015,98116,47.5608206,-122.386437
830,4433 42ND AVE SW,X,1, ,Junction Flats, , ,16, ,2016,98116,47.56373989999999,-122.3857626
831,3801 S JUNEAU ST, ,2, ,Juneau Townhouses, , ,10,X,1993,98118,47.5495277,-122.2846648
832,65 S WASHINGTON ST,X,7, ,Karlstrom, , ,23,X,2005,98104,47.6007444,-122.3353367
833,2212 1ST AVE,X,7, ,Kasota, , ,47, ,1988,98121,47.6130815,-122.3455448
834,510 24TH AVE S, ,3,X,Kateri House, , ,8, ,1986,98144,47.5976724,-122.3008013
835,3512 S JUNEAU ST,X,2, ,Katharine's Place, , ,25,X,2005,98118,47.5499691,-122.2879251
836,6521 ROOSEVELT WAY NE,X,4, ,Kavela, , ,13, ,2013,98115,47.676333,-122.317732
837,1537 NW 56TH ST,X,6, ,Keelson Ballard, , ,21, ,2016,98107,47.6692026,-122.3779568
838,3936 S KENYON ST,X,2, ,Kenyon House, , ,18,X,2008,98118,47.53176,-122.2816865
839,510 MINOR AVE N,X,7, ,Kerner-Scott House, , ,40,X,1997,98109,47.6234884,-122.3327052
840,3515 WOODLAND PARK AVE N,X,4, ,Keystone, , ,64, ,1988,98103,47.649932,-122.3445571
841,5900 37TH AVE S,X,2, ,Kingway, , ,164, ,2007,98118,47.5489506,-122.2853003
842,9010 13TH AVE NW,X,6, ,La-Ba-Te-Yah Youth Home, , ,40, ,1991,98117,47.6946156,-122.3723726
843,12745 30TH AVE NE, ,5, ,Lake City Commons,X, ,15, ,2002,98125,47.7224206,-122.2967214
844,12314 35TH AVE NE,X,5, ,Lake City House, , ,5, ,1993,98125,47.7178012,-122.291026
845,12546 33RD AVE NE, ,5, ,Lake City House,X, ,115,X,1971,98125,47.7208151,-122.2920081
846,12536 33RD AVE NE, ,5, ,Lake City Village HOPE VI Redevelopment,X, ,85,X,2011,98125,47.7203008,-122.2918632
847,9061 SEWARD PARK AVE S,X,2, ,Lake Washington Apartments, , ,377,X,2015,98118,47.5217786,-122.2655509
848,1170 HARRISON ST,X,7, ,Lakeview Apartments, , ,59,X,2000,98109,47.6222905,-122.3332658
849,6935 DELRIDGE WAY SW, ,1, ,Lam Bow Apartments,X, ,30, ,2002,98106,47.5405113,-122.3616203
850,2312 E JOHN ST,X,3, ,Miller Park Apts, , ,12, ,1995,98112,47.620423,-122.3016788
851,6955 DELRIDGE WAY SW, ,1, ,Lam Bow Apartments,X, ,21, ,2002,98106,47.5403333,-122.3610639
852,2030 7TH AVE,X,7, ,Larned Apartments, , ,33,X,1991,98121,47.615908,-122.338316
853,3206 HARVARD AVE E,X,3, ,Larson Building, , ,12, ,2016,98102,47.6502778,-122.3218352
854,501 S SULLIVAN ST,X,1, ,Las Brisas del Mar Apartments, , ,10, ,1994,98108,47.527082,-122.327877
855,1426 WESTERN AVE,X,7, ,LaSalle Hotel, , ,63,X,2006,98101,47.6081626,-122.3407692
856,803 S LANE ST,X,2, ,Legacy House, , ,75, ,1997,98104,47.5965239,-122.3217208
857,814 COLUMBIA ST,X,3, ,Leighton Apts, , ,22, ,1989,98104,47.6069487,-122.3267076
858,420 2ND AVENUE EXT S,X,7, ,Leroy Helms, , ,11, ,1998,98104,47.6014327,-122.3313483
859,1011 S WELLER ST,X,2, ,Leschi House,X, ,68,X,2015,98104,47.5971037,-122.3188938
860,4616 S BENNETT ST,X,2, ,Lewis Albanese Re-entry Home, , ,6, ,1991,98118,47.5545657,-122.2746331
861,2209 1ST AVE,X,7, ,Lewiston Hotel, , ,52,X,2001,98121,47.6127242,-122.3457824
862,120 HARVARD AVE E,X,3, ,Lexicon, , ,8, ,2014,98102,47.6193598,-122.3218412
863,2402 2ND AVE,X,7, ,Lexington-Concord, , ,59, ,1991,98121,47.6150765,-122.3469192
864,9009 GREENWOOD AVE N, ,6, ,Lictonwood,X, ,81,X,1971,98103,47.6946452,-122.3557629
865,4545 8TH AVE NE,X,4, ,Lightbox, , ,33, ,2014,98105,47.66236199999999,-122.3199041
866,3639 LINDEN AVE N,X,6, ,Lime Studios, , ,7, ,2016,98103,47.65237399999999,-122.3488721
867,1020 E DENNY WAY,X,3, ,Lincoln Court Apartments, , ,29, ,2004,98102,47.61898,-122.318542
868,6935 FAUNTLEROY WY SW, ,1,X,Lincoln Park Group Homes, , ,8, ,1987,98136,47.5413477,-122.3903921
869,4127 LINDEN AVE N,X,6, ,Linden Apartments, , ,6, ,1992,98103,47.6574685,-122.3489381
870,4550 38TH AVE SW,X,1, ,Link Apts, , ,39, ,2011,98126,47.56129749999999,-122.3797796
871,1240 N MIDVALE PL,X,4, ,LIV Wallingford, , ,6, ,2017,98103,47.6616513,-122.3431245
872,418 BELLEVUE AVE E,X,3, ,Local 418 Apartments, , ,10, ,2013,98102,47.62264640000001,-122.3261546
873,422 SUMMIT AVE E,X,3, ,Local 422 Apartments, , ,10, ,2015,98102,47.6226666,-122.3249857
874,4535 44TH AVE SW,X,1, ,Lofts at the Junction, , ,8, ,2016,98116,47.5618174,-122.3883517
875,5915 DELRIDGE WAY SW, ,1, ,Longfellow Creek Apartments,X, ,84, ,2003,98106,47.549484,-122.363719
876,9401 27TH AVE SW,X,1, ,Longfellow/Westwood Court Cooperative,X, ,45,X,2001,98126,47.51896989999999,-122.3674934
877,107 CHERRY ST,X,7,X,Lowman Building, , ,89,X,2005,98104,47.60264369999999,-122.3337094
878,607 3RD AVE,X,7, ,Lyon Building, , ,64,X,1998,98104,47.6028425,-122.3319556
879,230 BROADWAY E,X,3, ,Lyric, , ,47, ,2012,98102,47.6208033,-122.3206009
880,1523 E MADISON ST,X,3, ,Mad Flats, , ,11, ,2016,98122,47.6146803,-122.3117128
881,823 MADISON ST, ,7, ,Madison Apartments, , ,72,X,1998,98104,47.6080565,-122.327655
882,1811 20TH AVE,X,3, ,Madison Two-O, , ,7, ,2017,98122,47.61803370000001,-122.3064589
883,308 22ND AVE, ,3, ,Main Place II,X, ,25, ,2004,98122,47.6046655,-122.3035454
884,2035 S MAIN ST, ,3, ,Main Street Apartments,X, ,12, ,2004,98144,47.5997829,-122.3046241
885,8803 15TH AVE NE,X,5, ,Maple Leaf House, , ,7, ,1999,98115,47.6923499,-122.3124995
886,5019 ROOSEVELT WAY NE,X,4, ,Marion West, , ,48,X,2016,98105,47.6655896,-122.317841
887,1115 NW MARKET ST, ,6, ,Market Terrace,X, ,30, ,2002,98107,47.6684224,-122.3714638
888,3261 SW AVALON WAY,X,1, ,Marq West Seattle, , ,23, ,2014,98126,47.563774,-122.3740993
889,6188 4TH AVE S,X,2, ,Martin Court, , ,42,X,2004,98108,47.5456525,-122.3290677
890,924 MARTIN LUTHER KING JR WAY, ,3, ,Martin Luther King Jr Way 5-Plex,X, ,5, ,2006,98122,47.61075229999999,-122.29588
891,8548 MARY AVE NW, ,6, ,Mary Avenue Townhomes,X, ,4, ,2001,98117,47.692057,-122.3749471
892,100 20TH AVE E,X,3,X,Mary Ruth Manor, , ,20,X,1993,98112,47.6187133,-122.3057282
893,10049 35TH AVE NE,X,5, ,Mary Witt House, , ,5, ,1990,98125,47.7025473,-122.2911233
894,318 11TH AVE E,X,3, ,Maxwell, , ,4, ,1990,98102,47.6217394,-122.3175452
895,12730 33RD AVE NE,X,5, ,McDermott Place, , ,75,X,2010,98125,47.7212806,-122.2923962
896,1916 E MADISON ST,X,3, ,McKinney Manor, , ,63, ,1999,98122,47.61719009999999,-122.3067588
897,3258 NE 96TH ST,X,5, ,Meadowbrook, , ,4, ,1991,98115,47.6984696,-122.2908553
898,11032 LAKE CITY WAY NE,X,5, ,Meadowbrook View,X, ,50,X,2002,98125,47.7093254,-122.3004466
899,1520 MELROSE AVE,X,3, ,Melrose, , ,30, ,1989,98122,47.6146608,-122.3275652
900,527 12TH AVE E,X,3, ,Mercer Court, , ,24,X,1996,98102,47.6239806,-122.3170221
901,10345 MERIDIAN AVE N,X,5,X,Meridian Manor, , ,107, ,2011,98133,47.704432,-122.3345039
902,320 W ROY ST, ,7, ,Michaelson Manor,X, ,57, ,1985,98119,47.62615,-122.361472
903,101 DENNY WAY,X,7, ,Minnie Flats, , ,17, ,2016,98109,47.618457,-122.3548114
904,1056 NE 120TH ST,X,5, ,Miracle Manor, , ,6, ,1990,98125,47.7160707,-122.3155981
905,1427 11TH AVE,X,3, ,Modera Capitol Hill, , ,27, ,2016,98122,47.613651,-122.3183251
906,435 DEXTER AVE N,X,7, ,Modera South Lake Union, , ,59, ,2016,98109,47.6230282,-122.3431481
907,100 23RD AVE S,X,3, ,Monica's Village Place, , ,50,X,2011,98144,47.601159,-122.3016677
908,9000 20TH AVE SW, ,1, ,Montridge Arms,X, ,33, ,2002,98106,47.52262349999999,-122.3588559
909,507 3RD AVE,X,7, ,Morrison Hotel, , ,190,X,2005,98104,47.6022005,-122.3311793
910,2530 29TH AVE S,X,2, ,Mt Baker Apts, , ,155,X,1989,98144,47.5800321,-122.2948011
911,2915 RAINIER AVE S,X,2, ,Mt Baker Lofts, , ,56,X,2014,98144,47.5772013,-122.2975861
912,4727 42ND AVE SW,X,1, ,"Mural Apts, The", , ,28, ,2009,98116,47.5599817,-122.3857734
913,5240 UNIVERSITY WAY NE,X,4, ,Muriels Landing, , ,20, ,2012,98105,47.6678147,-122.3127681
914,2200 NW 58TH ST,X,6, ,Nelson Manor - SSHP,X, ,31, ,2012,98107,47.6711617,-122.3850607
915,657 S WELLER ST,X,2,X,New Central, , ,28, ,2008,98104,47.59726120000001,-122.3244103
916,13000 LINDEN AVE N, ,5, ,New Haven Apartments, , ,247,X,2007,98133,47.7240026,-122.3477068
917,3102 S HOLLY ST,X,2, ,NewHolly Phase I,X, ,1, ,1999,98118,47.54275879999999,-122.2925903
918,3104 S HOLLY ST,X,2, ,NewHolly Phase I,X, ,1, ,1999,98118,47.5427507,-122.292519
919,3106 S HOLLY ST,X,2, ,NewHolly Phase I,X, ,1, ,1999,98118,47.5427537,-122.2924506
920,3108 S HOLLY ST,X,2, ,NewHolly Phase I,X, ,1, ,1999,98118,47.5427609,-122.2923836
921,3112 S HOLLY ST,X,2, ,NewHolly Phase I,X, ,1, ,1999,98118,47.5427717,-122.2922818
922,3114 S HOLLY ST,X,2, ,NewHolly Phase I,X, ,1, ,1999,98118,47.5427633,-122.2921957
923,3116 S HOLLY ST,X,2, ,NewHolly Phase I,X, ,1, ,1999,98118,47.54275860000001,-122.2921312
924,3118 S HOLLY ST,X,2, ,NewHolly Phase I,X, ,1, ,1999,98118,47.54276369999999,-122.2920631
925,6534 31ST AVE S,X,2, ,NewHolly Phase I,X, ,1, ,1999,98118,47.54329910000001,-122.2925523
926,6536 31ST AVE S,X,2, ,NewHolly Phase I,X, ,1, ,1999,98118,47.54325559999999,-122.2925273
927,6540 31ST AVE S,X,2, ,NewHolly Phase I,X, ,1, ,1999,98118,47.5431284,-122.2925732
928,6542 31ST AVE S,X,2, ,NewHolly Phase I,X, ,1, ,1999,98118,47.54308409999999,-122.2925583
929,2901 S HOLLY ST,X,2, ,NewHolly Phase I,X, ,1, ,1999,98108,47.5425565,-122.2956593
930,2902 S HOLLY ST,X,2, ,NewHolly Phase I,X, ,1, ,1999,98108,47.5427589,-122.2956509
931,2903 S HOLLY ST,X,2, ,NewHolly Phase I,X, ,1, ,1999,98108,47.5425466,-122.2956028
932,2904 S HOLLY ST,X,2, ,NewHolly Phase I,X, ,1, ,1999,98108,47.5427855,-122.2956434
933,2905 S HOLLY ST,X,2, ,NewHolly Phase I,X, ,1, ,1999,98108,47.5424946,-122.2955595
934,2906 S HOLLY ST,X,2, ,NewHolly Phase I,X, ,1, ,1999,98108,47.5427585,-122.2955182
935,2907 S HOLLY ST,X,2, ,NewHolly Phase I,X, ,1, ,1999,98108,47.5425471,-122.2954654
936,2908 S HOLLY ST,X,2, ,NewHolly Phase I,X, ,1, ,1999,98108,47.5427606,-122.2954682
937,2911 S BRIGHTON ST,X,2, ,NewHolly Phase I,X, ,1, ,1999,98108,47.5411729,-122.2953314
938,2911 S HOLLY ST,X,2, ,NewHolly Phase I,X, ,1, ,1999,98108,47.5424859,-122.2953237
939,2911 S WILLOW ST,X,2, ,NewHolly Phase I,X, ,1, ,1999,98108,47.5405952,-122.295323
940,2912 S HOLLY ST,X,2, ,NewHolly Phase I,X, ,1, ,1999,98108,47.5427585,-122.2953331
941,2912 S WILLOW ST,X,2, ,NewHolly Phase I,X, ,1, ,1999,98108,47.5408878,-122.2953135
942,2913 S HOLLY ST,X,2, ,NewHolly Phase I,X, ,1, ,1999,98108,47.5424857,-122.2952877
943,2913 S WILLOW ST,X,2, ,NewHolly Phase I,X, ,1, ,1999,98108,47.5405851,-122.2952302
944,2914 S HOLLY ST,X,2, ,NewHolly Phase I,X, ,1, ,1999,98108,47.5428005,-122.2952874
945,2915 S BRIGHTON ST,X,2, ,NewHolly Phase I,X, ,1, ,1999,98108,47.5411616,-122.2951022
946,2916 S WILLOW ST,X,2, ,NewHolly Phase I,X, ,1, ,1999,98108,47.54088609999999,-122.2951048
947,2917 S BRIGHTON ST,X,2, ,NewHolly Phase I,X, ,1, ,1999,98108,47.5411815,-122.2950536
948,2917 S HOLLY ST,X,2, ,NewHolly Phase I,X, ,1, ,1999,98108,47.5424934,-122.295095
949,2917 S WILLOW ST,X,2, ,NewHolly Phase I,X, ,1, ,1999,98108,47.54057659999999,-122.2950494
950,2918 S HOLLY ST,X,2, ,NewHolly Phase I,X, ,1, ,1999,98108,47.5427575,-122.2951477
951,2918 S WILLOW ST,X,2, ,NewHolly Phase I,X, ,1, ,1999,98108,47.5408129,-122.2950618
952,2919 S HOLLY ST,X,2, ,NewHolly Phase I,X, ,1, ,1999,98108,47.5424948,-122.2950928
953,2919 S WILLOW ST,X,2, ,NewHolly Phase I,X, ,1, ,1999,98108,47.5406104,-122.2950291
954,2920 S HOLLY ST,X,2, ,NewHolly Phase I,X, ,1, ,1999,98108,47.54275519999999,-122.2950976
955,2921 S BRIGHTON ST,X,2, ,NewHolly Phase I,X, ,1, ,1999,98108,47.5411596,-122.2948267
956,2921 S HOLLY ST,X,2, ,NewHolly Phase I,X, ,1, ,1999,98108,47.5424956,-122.295077
957,2921 S WILLOW ST,X,2, ,NewHolly Phase I,X, ,1, ,1999,98108,47.5405874,-122.2949543
958,2922 S HOLLY ST,X,2, ,NewHolly Phase I,X, ,1, ,1999,98108,47.5428297,-122.2950475
959,2922 S WILLOW ST,X,2, ,NewHolly Phase I,X, ,1, ,1999,98108,47.5408232,-122.2948429
960,2923 S BRIGHTON ST,X,2, ,NewHolly Phase I,X, ,1, ,1999,98108,47.5411615,-122.2947777
961,2923 S HOLLY ST,X,2, ,NewHolly Phase I,X, ,1, ,1999,98108,47.54249660000001,-122.2950777
962,2923 S WILLOW ST,X,2, ,NewHolly Phase I,X, ,1, ,1999,98108,47.54061979999999,-122.2948786
963,2924 S HOLLY ST,X,2, ,NewHolly Phase I,X, ,1, ,1999,98108,47.5427527,-122.29496
964,2924 S WILLOW ST,X,2, ,NewHolly Phase I,X, ,1, ,1999,98108,47.5408266,-122.2948155
965,2925 S WILLOW ST,X,2, ,NewHolly Phase I,X, ,1, ,1999,98108,47.54062039999999,-122.2948033
966,2927 S BRIGHTON ST,X,2, ,NewHolly Phase I,X, ,1, ,1999,98108,47.5412089,-122.2945648
967,2927 S WILLOW ST,X,2, ,NewHolly Phase I,X, ,1, ,1999,98108,47.5405857,-122.2947132
968,2928 S WILLOW ST,X,2, ,NewHolly Phase I,X, ,1, ,1999,98108,47.5408684,-122.2945302
969,2929 S BRIGHTON ST,X,2, ,NewHolly Phase I,X, ,1, ,1999,98108,47.5412081,-122.2945394
970,2930 S WILLOW ST,X,2, ,NewHolly Phase I,X, ,1, ,1999,98108,47.5408893,-122.2945223
971,2933 S BRIGHTON ST,X,2, ,NewHolly Phase I,X, ,1, ,1999,98108,47.541218,-122.2943043
972,2933 S WILLOW ST,X,2, ,NewHolly Phase I,X, ,1, ,1999,98108,47.5406184,-122.2944385
973,2934 S WILLOW ST,X,2, ,NewHolly Phase I,X, ,1, ,1999,98108,47.5408106,-122.2943044
974,2935 S BRIGHTON ST,X,2, ,NewHolly Phase I,X, ,1, ,1999,98108,47.5412174,-122.2942471
975,2935 S WILLOW ST,X,2, ,NewHolly Phase I,X, ,1, ,1999,98108,47.5405568,-122.2944331
976,2936 S WILLOW ST,X,2, ,NewHolly Phase I,X, ,1, ,1999,98108,47.54080889999999,-122.2942445
977,2937 S WILLOW ST,X,2, ,NewHolly Phase I,X, ,1, ,1999,98108,47.54058209999999,-122.2943135
978,2939 S BRIGHTON ST,X,2, ,NewHolly Phase I,X, ,1, ,1999,98108,47.5411689,-122.2940336
979,2939 S WILLOW ST,X,2, ,NewHolly Phase I,X, ,1, ,1999,98108,47.5405623,-122.2941986
980,2940 S WILLOW ST,X,2, ,NewHolly Phase I,X, ,1, ,1999,98108,47.5408153,-122.2940395
981,2941 S BRIGHTON ST,X,2, ,NewHolly Phase I,X, ,1, ,1999,98108,47.5411729,-122.2940179
982,2941 S WILLOW ST,X,2, ,NewHolly Phase I,X, ,1, ,1999,98108,47.5406002,-122.2941721
983,2942 S WILLOW ST,X,2, ,NewHolly Phase I,X, ,1, ,1999,98108,47.54085449999999,-122.2940013
984,2943 S WILLOW ST,X,2, ,NewHolly Phase I,X, ,1, ,1999,98108,47.540586,-122.2940825
985,2945 S WILLOW ST,X,2, ,NewHolly Phase I,X, ,1, ,1999,98108,47.5405725,-122.2939929
986,2947 S WILLOW ST,X,2, ,NewHolly Phase I,X, ,1, ,1999,98108,47.5405673,-122.2939619
987,2949 S WILLOW ST,X,2, ,NewHolly Phase I,X, ,1, ,1999,98108,47.5407221,-122.2938345
988,2951 S HOLLY ST,X,2, ,NewHolly Phase I,X, ,1, ,1999,98108,47.5424961,-122.2945314
989,2951 S WILLOW ST,X,2, ,NewHolly Phase I,X, ,1, ,1999,98108,47.5405538,-122.2937642
990,2953 S HOLLY ST,X,2, ,NewHolly Phase I,X, ,1, ,1999,98108,47.5424957,-122.2945277
991,2953 S WILLOW ST,X,2, ,NewHolly Phase I,X, ,1, ,1999,98108,47.540616,-122.2937368
992,2955 S HOLLY ST,X,2, ,NewHolly Phase I,X, ,1, ,1999,98108,47.5424938,-122.2945216
993,2955 S WILLOW ST,X,2, ,NewHolly Phase I,X, ,1, ,1999,98108,47.5405931,-122.293655
994,2957 S HOLLY ST,X,2, ,NewHolly Phase I,X, ,1, ,1999,98108,47.5424906,-122.294512
995,2957 S WILLOW ST,X,2, ,NewHolly Phase I,X, ,1, ,1999,98108,47.5406203,-122.2935726
996,2959 S WILLOW ST,X,2, ,NewHolly Phase I,X, ,1, ,1999,98108,47.5405898,-122.2935141
997,2961 S HOLLY ST,X,2, ,NewHolly Phase I,X, ,1, ,1999,98108,47.5424921,-122.2942303
998,2961 S WILLOW ST,X,2, ,NewHolly Phase I,X, ,1, ,1999,98108,47.5405942,-122.2935478
999,2963 S HOLLY ST,X,2, ,NewHolly Phase I,X, ,1, ,1999,98108,47.542491,-122.2942283
